"August 10, 2025 at 02:41AM",@excel_niisan,"ğŸ§ ã€ŒGPT-5ãŒä»¥å‰ã‚ˆã‚Šé ­ãŒæ‚ªããªã£ãŸãƒ»ãƒ»ã€ã¨æ„Ÿã˜ã¦ã„ã‚‹æ–¹ã¸ã€ãœã²è©¦ã—ã¦ã„ãŸã ããŸã„æ–¹æ³•ã‚’ã”ç´¹ä»‹ã—ã¾ã™ã€‚

ç°¡å˜ãªãƒªã‚µãƒ¼ãƒã‚’ä¾é ¼ã™ã‚‹éš›ã‚‚ã€ã€Œã‚ˆãè€ƒãˆã¦ã‹ã‚‰å›ç­”ã—ã¦ã€ã¨ã ã‘ãƒ—ãƒ­ãƒ³ãƒ—ãƒˆã«ä»˜ã‘åŠ ãˆã‚‹ã ã‘ã§ã€AIã®æ€è€ƒæ™‚é–“ãŒå»¶ã³ã€å¤šæ®µéšã§æ¨è«–ã‚’è¡Œã†ãŸã‚ã€å›ç­”ã®è³ªãŒå¤§å¹…ã«å‘ä¸Šã—ã¾ã™ã€‚ https://t.co/n7kEpWLRpu",https://x.com/excel_niisan/status/1954372552585073145/photo/1,https://twitter.com/excel_niisan/status/1954372552585073145
"August 10, 2025 at 01:17AM",@hitsuzikai,"ä»Šé€±ã®FXï¼
ğŸ‘ºã€8æœˆ11æ—¥ï½ã®é€±ã€‘ä»Šé€±ã®ç‚ºæ›¿ç›¸å ´ã®æ³¨ç›®ææ–™ã‚¹ã‚±ã‚¸ãƒ¥ãƒ¼ãƒ«ã¨ç„¦ç‚¹
.
â– â– ç‰¹ã«æ³¨ç›®ã™ã¹ãçµŒæ¸ˆæŒ‡æ¨™ã‚„ã‚¤ãƒ™ãƒ³ãƒˆ
â€»FRBé«˜å®˜ã®ç™ºè¨€â†’è¤‡æ•°ã‚ã‚Š

â–¼8æœˆ11æ—¥(æœˆ)
ğŸ‘‰ğŸ‡¯ğŸ‡µæ—¥æœ¬ä¼‘å ´
â€»ç±³çµŒæ¸ˆæŒ‡æ¨™ã¯å°ç²’

â–¼8æœˆ12æ—¥(ç«)
ğŸ‡¦ğŸ‡ºè±ª)RBAé‡‘èæ”¿ç­–ï¼†ãƒ–ãƒ­ãƒƒã‚¯RBAç·è£ã®è¨˜è€…ä¼šè¦‹
ğŸ‡¦ğŸ‡ºè±ª)RBAå››åŠæœŸé‡‘èæ”¿ç­–å ±å‘Š https://t.co/ZP0KHLdzsF",https://x.com/hitsuzikai/status/1954351240386925051/photo/1,https://twitter.com/hitsuzikai/status/1954351240386925051
"August 09, 2025 at 04:53AM",@d_1d2d,ã‚µãƒ ãƒ»ã‚¢ãƒ«ãƒˆãƒãƒ³ã¯ã€AIæŠ€è¡“ã¯æ€¥é€Ÿã«é€²åŒ–ã™ã‚‹ä¸€æ–¹ã§ã€ç¤¾ä¼šã¯ã‚†ã£ãã‚Šã¨å¤‰åŒ–ã™ã‚‹ã¨è€ƒãˆã¦ã„ã‚‹ã€‚ https://t.co/n4a2D3NvlX,https://x.com/d_1d2d/status/1954043210113987065/photo/1,https://twitter.com/d_1d2d/status/1954043210113987065
"August 10, 2025 at 03:18AM",@yoshi8__,codex mcp ã¨ã„ã†ä½¿ã„æ–¹ã‚’è¦‹ã¤ã‘ãŸã€‚æ­“å–œğŸ‰ https://t.co/XSdjtgVErv,https://x.com/yoshi8__/status/1954381794557788457/photo/1,https://twitter.com/yoshi8__/status/1954381794557788457
"August 09, 2025 at 01:31PM",@3DVR3,"MetaãŒã€Œè¶…åºƒè¦–é‡è§’ã€ã¨ã€Œè¶…ãƒªã‚¢ãƒªã‚¹ãƒ†ã‚£ãƒƒã‚¯ã€ãªVRãƒ—ãƒ­ãƒˆã‚¿ã‚¤ãƒ—ã‚’ç™ºè¡¨
â‘ å¤§å‹åŒ–ãªã—ã§180åº¦ã®è¦–é‡è§’ã‚’å®Ÿç¾
â‘¡ç¶²è†œè§£åƒåº¦ï¼ˆ60PPDï¼‰ã‚’è¶…ãˆã‚‹90PPDã‚’å®Ÿç¾

â‘ Boba 3: è¶…åºƒè¦–é‡è§’VR/MRãƒ˜ãƒƒãƒ‰ã‚»ãƒƒãƒˆ
è¦–é‡è§’: æ°´å¹³180åº¦Ã—å‚ç›´120åº¦ï¼ˆäººé–“ã®è¦–é‡ã®ç´„90%ã‚’ã‚«ãƒãƒ¼ï¼‰
è§£åƒåº¦: ç‰‡ç›®4KÃ—4Kã€ä¸­å¤®éƒ¨30PPD
é‡é‡: https://t.co/kpTMjwWr8E",https://x.com/3DVR3/status/1954173593258238222/photo/1,https://twitter.com/3DVR3/status/1954173593258238222
"August 10, 2025 at 07:10AM",@laiso,"Codex CLIã®ä½¿ã„æ–¹ã«ã¤ã„ã¦ã€æ—¢å ±ã«ã‚ã¾ã‚Šå‡ºã¦ãªã•ãã†ãªãƒã‚¤ãƒ³ãƒˆã‚’ä¸­å¿ƒã«æ›¸ãã¾ã—ãŸã€‚Claude Codeã®æ›¿ã‚ã‚Šã§ã¯ã‚ã‚Šã¾ã›ã‚“ã€‚

https://t.co/fj3pfH7SnU",https://blog.lai.so/codex-rs-intro/,https://twitter.com/laiso/status/1954440118175203845
"August 10, 2025 at 10:46AM",@AI_masaou,"ğŸš¨ ChatGPTã®ãƒ—ãƒ©ãƒ³å†…ã§ä½¿ãˆã‚‹AIã‚¨ãƒ¼ã‚¸ã‚§ãƒ³ãƒˆã€ŒCodexã€ãŒä»Šä¸–ç•Œä¸­ã§æœ€ã‚‚è©±é¡Œã§ã™

APIã‚­ãƒ¼ãŒä¸è¦ã§ã€ãƒ—ãƒ©ãƒ³å†…ãªã‚‰ä½¿ã„æ”¾é¡Œ

å¤§æ³¨ç›®ã®ãƒ¢ãƒ‡ãƒ«""GPT-5""ã‚’å¤§æš´ã‚Œã•ã›ã‚‹ã“ã¨ãŒã§ãã€
ã‚ˆã‚ŠåŠ¹ç‡çš„ãªé–‹ç™ºã«ç¹‹ãŒã‚‹ã‹ã‚‚ï¼Ÿ
ãŸã ã—æ³¨æ„ã‚‚å¿…è¦ã€‚

æŠ¼ã•ãˆã¦ãŠããŸã„æƒ…å ±ã‚’ã¾ã¨ã‚ã¾ã—ãŸğŸŒ€ https://t.co/AU0D9G7dQ7",https://x.com/AI_masaou/status/1954494632152445428/photo/1,https://twitter.com/AI_masaou/status/1954494632152445428
"August 10, 2025 at 10:08AM",@suh_sunaneko,"è‰¯ã„ãƒ¡ãƒ³ãƒãƒ¼ãŒã„ã‚Œã°PMã„ãªãã¦ã‚‚å‹æ‰‹ã«ãƒ—ãƒ­ã‚¸ã‚§ã‚¯ãƒˆã¯ã†ã¾ãã„ãã€‚ãã‚Œã«æ°—ã¥ã‹ãšã«PMåŠ›ãŒé«˜ã„ã¨å‹˜é•ã„ã—ã¦ã—ã¾ã†ã“ã¨ãŒã‚ã‚‹ã€‚
PTAã®ã‚ˆã†ãªãƒ—ãƒ­ã‚¸ã‚§ã‚¯ãƒˆãƒªãƒ†ãƒ©ã‚·ãƒ¼ãŒé«˜ããªã„çµ„ç¹”ã§PMã‚’ã™ã‚‹ã¨ã„ã‹ã«è‡ªåˆ†ãŒç„¡åŠ›ã§ã‚ã‚Šã€å„ªç§€ãªäººã«åŠ©ã‘ã‚‰ã‚Œã¦ããŸã®ã‹ã‚ã‹ã‚Šã¾ã™ã€‚",,https://twitter.com/suh_sunaneko/status/1954484901656637700
"August 10, 2025 at 02:05PM",@sakamoto_582,ã‚¨ãƒ³ã‚¸ãƒ‹ã‚¢ã§ãƒãƒã‚¸ãƒ¡ãƒ³ãƒˆçµŒé¨“(ãƒãƒãƒ¼ã‚¸ãƒ£ãƒ¼ã¨ã„ã†è‚©æ›¸ã)ãŒå¿…è¦ã¨ã„ã†æ–¹ã€å…¨å“¡ã“ã‚Œèª­ã‚“ã æ–¹ãŒã„ã„ã€‚ https://t.co/YA9OJTD2dY https://t.co/NKwC8GlMHt,https://x.com/sakamoto_582/status/1954544578167783579/photo/1,https://twitter.com/sakamoto_582/status/1954544578167783579
"August 10, 2025 at 10:48AM",@AI_masaou,"â‘¢ MCPã®å°å…¥
CodexCLIã¯é€šå¸¸ã§ã¯æœ€ä½é™ã®ãƒ„ãƒ¼ãƒ«ã—ã‹æŒã£ã¦ã„ã¾ã›ã‚“ã€‚
Webæ¤œç´¢ãƒ„ãƒ¼ãƒ«ã¨ãƒ‰ã‚­ãƒ¥ãƒ¡ãƒ³ãƒˆç³»ã®MCPã¯å¿…ãšå…¥ã‚Œã¦ãŠãã¾ã—ã‚‡ã†

å°å…¥ã¯TOMLãƒ•ã‚¡ã‚¤ãƒ«ã€‚ç”»åƒã‚’å‚è€ƒã«å°å…¥ã—ã¦ãã ã•ã„

æœ€ä½é™æ¬²ã—ã„MCPã¯
ãƒ»BraveSearchMCPï¼ˆæœ€å¼·ã‚³ã‚¹ãƒ‘ã€ç„¡æ–™ã€œï¼‰
ãƒ»Context7,GitMCP

https://t.co/9hRaBNBk0K https://t.co/tIh6NPCVj4",https://github.com/mikechao/brave-search-mcp,https://twitter.com/AI_masaou/status/1954495043961786510
"June 16, 2025 at 03:41AM",@ytiskw,Codexã«ã‚ˆã‚‹æœ€æ–°ã®ä¸¦åˆ—AIé§†å‹•é–‹ç™ºãƒ•ãƒ­ãƒ¼ã‚’å›³è§£ã«ã—ãŸã€‚æœ€è¿‘ã¯ã‚‚ã£ã±ã‚‰Claude CodeãŒè©±é¡Œã§ã™ãŒOpenAI Codexã‚‚ãŠã™ã™ã‚ https://t.co/HlvPAHQa2V,https://x.com/ytiskw/status/1934456380804698507/photo/1,https://twitter.com/ytiskw/status/1934456380804698507
"May 29, 2025 at 01:42PM",@shotovim,"Obsidianã®ãƒ¯ãƒ¼ã‚¯ãƒ•ãƒ­ãƒ¼ã‚’ã‚¢ãƒƒãƒ—ãƒ‡ãƒ¼ãƒˆã—ãŸã‚‰ã€ã‚¤ãƒ³ãƒ—ãƒƒãƒˆã‚‚ã‚¢ã‚¦ãƒˆãƒ—ãƒƒãƒˆã‚‚æ ¼æ®µã«ã‚„ã‚Šã‚„ã™ããªã£ãŸã€‚

ç‰¹ã«è‰¯ã‹ã£ãŸã®ã¯ã“ã®2ç‚¹
ãƒ»Codexã®ãŠã‹ã’ã§ã€ã‚¹ãƒãƒ›ã‹ã‚‰AIã«ãƒãƒ¼ãƒˆã‚’èª­ã¿è¾¼ã¾ã›ã‚‰ã‚Œã‚‹ã‚ˆã†ã«ãªã£ãŸ
ãƒ»MCPé€£æºã§ã€ä»–ãƒ„ãƒ¼ãƒ«ã¨ã®é€£æºãŒåœ§å€’çš„ã«æ‰‹è»½ã«ãªã£ãŸ https://t.co/ETKkLzK7il",https://x.com/shotovim/status/1928084540482015374/photo/1,https://twitter.com/shotovim/status/1928084540482015374
"June 03, 2025 at 11:35PM",@ctgptlb,"ã€é€Ÿå ±ã€‘OpenAI CodexãŒã‚¤ãƒ³ã‚¿ãƒ¼ãƒãƒƒãƒˆã‚¢ã‚¯ã‚»ã‚¹å¯èƒ½ã«ï¼ï¼

OpenAI Codexã«ã‚¤ãƒ³ã‚¿ãƒ¼ãƒãƒƒãƒˆã‚¢ã‚¯ã‚»ã‚¹æ©Ÿèƒ½ãŒæ­è¼‰ã•ã‚ŒãŸã“ã¨ã§ã€ã‚¿ã‚¹ã‚¯å®Ÿè¡Œä¸­ã«ä¾å­˜é–¢ä¿‚ã®ã‚¤ãƒ³ã‚¹ãƒˆãƒ¼ãƒ«ã‚„å¤–éƒ¨ãƒ†ã‚¹ãƒˆãªã©ãŒå¯èƒ½ã«ï¼ˆãƒ‡ãƒ•ã‚©ãƒ«ãƒˆã¯OFFï¼‰

ã¾ãŸæœ¬æ—¥ã‚ˆã‚ŠChatGPT Plusãƒ¦ãƒ¼ã‚¶ãƒ¼ã¸ã®æä¾›ã‚‚é–‹å§‹ã•ã‚Œã¾ã™ã€‚
https://t.co/O4gXMwzUjB https://t.co/5szNhnpVwZ",https://x.com/OpenAIDevs/status/1929956778105811071,https://twitter.com/ctgptlb/status/1930045659769672006
"June 14, 2025 at 12:40AM",@ytiskw,"Codexã®æ–°æ©Ÿèƒ½ã€Best of Nã‚ˆã•ã’ï¼

ä¸€å€‹ã®ã‚¿ã‚¹ã‚¯ã«å¯¾ã—ã¦è¤‡æ•°ã®ãƒãƒ¼ã‚¸ãƒ§ãƒ³ã‚’èµ°ã‚‰ã›ã¦ã€ãƒ™ã‚¹ãƒˆãªã‚„ã¤ã‚’é¸ã¹ã‚‹ã€‚ã„ã¤ã‚‚ Codexä½¿ã†æ™‚ã¯ï¼“ã¤ãã‚‰ã„èµ°ã‚‰ã›ã¦ãŸã®ã§ã€ãã‚ŒãŒæ¥½ã«ãªã‚Šãã† https://t.co/3389QDGZ81",https://x.com/ytiskw/status/1933685904734142743/photo/1,https://twitter.com/ytiskw/status/1933685904734142743
"June 03, 2025 at 11:35PM",@shota7180,"ChatGPTã®Plusãƒ¦ãƒ¼ã‚¶ãƒ¼ã€Codexã‚’åˆ©ç”¨å¯èƒ½ã«ï¼

ã•ã‚‰ã«ã€Codexã®ã‚¿ã‚¹ã‚¯å®Ÿè¡Œæ™‚ã¯ã€ã‚¤ãƒ³ã‚¿ãƒ¼ãƒãƒƒãƒˆã¸ã®ã‚¢ã‚¯ã‚»ã‚¹ãŒã§ãã¾ã™ã€‚ã“ã‚Œã§å¤–éƒ¨ãƒªã‚½ãƒ¼ã‚¹ã‚’æ´»ç”¨ã—ãŸãƒ†ã‚¹ãƒˆã®å®Ÿè¡Œã€ãƒ‘ãƒƒã‚±ãƒ¼ã‚¸ã®ã‚¤ãƒ³ã‚¹ãƒˆãƒ¼ãƒ«ãªã©ãŒå¯èƒ½ã§ã™

ãƒ‡ãƒ•ã‚©ãƒ«ãƒˆã§ã¯ã‚ªãƒ•ã®çŠ¶æ…‹ã§ã™ãŒã€æ–°ã—ã„ç’°å¢ƒã®ä½œæˆæ™‚ã€æ—¢å­˜ç’°å¢ƒã®ç·¨é›†æ™‚ã«æœ‰åŠ¹åŒ–ã§ãã¾ã™ https://t.co/AT64ZMpysb",https://x.com/shota7180/status/1930045825675346315/photo/1,https://twitter.com/shota7180/status/1930045825675346315
"August 10, 2025 at 12:14AM",@airunner_linkai,"ä»Šæ›´ã ã‘ã©Googleã®Opalã™ã”ã„ãªã€œ
Difyã‚„n8nã§æœ€åˆã‹ã‚‰ãƒ¯ãƒ¼ã‚¯ãƒ•ãƒ­ãƒ¼ã‚’ä½œã‚‹ã®ãŒã¡ã‚‡ã£ã¨ãƒã‚«ã‚‰ã—ããªã£ã¦ãã‚‹ã‹ã‚‚ã—ã‚Œãªã„ã€‚ã€‚ã€‚
 ã¦ã‹Googleã£ã¦å››æ–¹å…«æ–¹ã«ãƒ—ãƒ­ãƒ€ã‚¯ãƒˆã‚ã‚‹ã‹ã‚‰Opalã§å…¨éƒ¨ç¹‹ã’ã‚‰ã‚ŒãŸã‚‰ã‚ã£ã¡ã‚ƒå¼·ã„ã‚“ã˜ã‚ƒã€‚ã€‚ï¼Ÿ 
ã¾ã•ã«Conecting The Dotsã§ã€ç‚¹ã‚’ç¹‹ãã®ãŒOpalã€‚ 
ã“ã‚Œã¯è¦ãƒã‚§ãƒƒã‚¯ï¼ https://t.co/rWtt6xiZiq",https://x.com/airunner_linkai/status/1954335417660219454/video/1,https://twitter.com/airunner_linkai/status/1954335417660219454
"August 10, 2025 at 05:55PM",@sawayama0410,"https://t.co/5G6wPWoLcG
ã‚ã®æˆ¦äº‰ã®ã“ã¨åäº”å¹´æˆ¦äº‰ã¨è¨€ã„ã¾ã™ã€‚
ã“ã‚Œã¯ã—ã£ã‹ã‚Šã—ãŸæœ¬ã§ã™ã€‚",https://amzn.to/4fvWI2Y,https://twitter.com/sawayama0410/status/1954602466592661760
"August 11, 2025 at 12:37AM",@sama,"If you have been following the GPT-5 rollout, one thing you might be noticing is how much of an attachment some people have to specific AI models. It feels different and stronger than the kinds of attachment people have had to previous kinds of technology (and so suddenly",,https://twitter.com/sama/status/1954703747495649670
"August 10, 2025 at 11:05PM",@AIMIRAI46487,ChatGPTã®Plusãƒ¦ãƒ¼ã‚¶ãƒ¼ã®ã€GPT-5 Thinking(GPT-5ã®æ¨è«–ãƒ¢ãƒ¼ãƒ‰)ã®åˆ©ç”¨åˆ¶é™ãŒé€±200â†’é€±3000ã«ã‚¢ãƒƒãƒ—ã™ã‚‹ã‚ˆã†ã§ã™ã€‚ https://t.co/gjqd6L50WW,https://x.com/AIMIRAI46487/status/1954680447813996692/photo/1,https://twitter.com/AIMIRAI46487/status/1954680447813996692
"August 10, 2025 at 10:54PM",@Tsubame33785667,ã‚·ãƒŸãƒ¥ãƒ¬ãƒ¼ã‚·ãƒ§ãƒ³ã‚„ç†è«–ãƒ¢ãƒ‡ãƒ«ã¯ç¬æ™‚ã«é€²åŒ–ã—ã¦ã‚‚ã€ç¾å®Ÿã‚’ç¢ºã‹ã‚ã‚‹è£…ç½®ã¯ä¸€å¤œã§ã¯ç”Ÿã¾ã‚Œãªã„ã€‚è¶…çŸ¥èƒ½ãŒå…¨ã¦ã®ç­”ãˆã‚’è„³å†…ã§å°ãæœªæ¥åƒã¯é­…åŠ›çš„ã ãŒã€ç§‘å­¦ã®ã€Œå®Ÿè¨¼ã€ã¨ã„ã†æœ€å¾Œã®é–¢é–€ã¯ã€ä¾ç„¶ã¨ã—ã¦ç‰©ç†ä¸–ç•Œã®é€Ÿåº¦ã§ã—ã‹å‹•ã‘ãªã„ã€‚æ¬¡ã®ãƒ–ãƒ¬ã‚¤ã‚¯ã‚¹ãƒ«ãƒ¼ã¯ã€ç‰©ç†çš„ãªé“å…·ã‚’å‰µã‚‹åŠ›ã«ã‚‚ä¾å­˜ã—ã¦ã„ã‚‹ã€‚ https://t.co/HePQTbb1ae,https://twitter.com/slow_developer/status/1954344445262074194,https://twitter.com/Tsubame33785667/status/1954677683998319019
"August 10, 2025 at 03:17AM",@daiki15036604,"ãƒ–ãƒ©ã‚¦ã‚¶ãƒ¼è‡ªå‹•åŒ–ãƒ„ãƒ¼ãƒ« ç™ºè¡¨ â€” Azure AI Foundry Agent Serviceï½œdaka | Microsoft | AI 
https://t.co/bD9eHf5Ph6

ä»Šã¾ã§ã®CUAã¨ç•°ãªã‚‹ä¿¡é ¼æ€§ã®é«˜ã„è‡ªå‹•åŒ–
ãƒ»ã“ã®ãƒ„ãƒ¼ãƒ«ã¯ ã€Œãƒ€ã‚¦ãƒ³ãƒ‘ãƒ¼ã‚¹ã€ ã¨å‘¼ã°ã‚Œã‚‹æ‰‹æ³•ã‚’åˆ©ç”¨ã—ã¦ã€Web ãƒšãƒ¼ã‚¸ã®æ§‹é€ ï¼ˆDOMï¼Document Object Model",https://note.com/daka1/n/n68226ae36213?sub_rt=share_pb,https://twitter.com/daiki15036604/status/1954381641901883775
"August 10, 2025 at 10:34PM",@yugen_matuni,"ã©ã†ã‚„ã‚‰Chat GPTã®Plusãƒ—ãƒ©ãƒ³ã¯3000req/weekã‚’thinkingã«ä½¿ãˆã‚‹ã¨ã„ã†äº‹ã§å¤§å¹…ã«å›æ•°å¼·åŒ–ã•ã‚ŒãŸæ¨¡æ§˜ã§ã™ã€‚

ãŠã‚ï¼Ÿ
Proãƒ—ãƒ©ãƒ³ã®å„ªä½æ€§ãŒå¤§å¹…ã«ä½ä¸‹ã—ãŸæ°—ãŒã™..
ã¾ã‚Codexã‚„GPT5 Proã‚‚ã‚ã‚‹ã«ã¯ã‚ã‚Šã¾ã™ãŒã€Plusãƒ¦ãƒ¼ã‚¶ãƒ¼ã§ã‚‚å…¨ç„¶ä½¿ãˆãã†ã§ã™ã­ã€‚

Proã‚‚ã£ã¨å¼·ãã—ã¦ï¼ https://t.co/dSxW4ximue",https://twitter.com/sama/status/1954604215340593642,https://twitter.com/yugen_matuni/status/1954672823873700068
"August 10, 2025 at 11:36PM",@shota7180,"æ€è€ƒã‚„ã‚¿ã‚¹ã‚¯ã‚’ã¾ã¨ã‚ã‚‰ã‚Œãªã„â€¦å­¦ã‚“ã ã“ã¨ãŒä¸­ã€…å®šç€ã—ãªã„â€¦

ãã‚“ãªæ™‚ã¯ã€æ·»ä»˜ã®ãƒ—ãƒ­ãƒ³ãƒ—ãƒˆé›†ã§æ¥½ã€…ã‚¢ã‚¦ãƒˆãƒ—ãƒƒãƒˆï¼

æƒ…å ±ã®æ•´ç†ã‚„æ§‹é€ åŒ–ã ã‘ã§ãªãã€å›³è§£ãªã©ã‚‚ã§ãã‚‹ã‹ã‚‰ãœã²è©¦ã—ã¦ã¿ã¦â†“ https://t.co/PZ6Re8l6rU",https://x.com/shota7180/status/1954688278000447745/photo/1,https://twitter.com/shota7180/status/1954688278000447745
"August 10, 2025 at 12:00PM",@tokyoaisai,"æ±äº¬AIç¥­2025ãƒãƒƒã‚«ã‚½ãƒ³ã®å¯©æŸ»å“¡ã«
ã€å…ƒæœ¨ @kamui_qaiã€æ§˜ãŒæ±ºå®šã—ã¾ã—ãŸï¼
ãœã²å¥®ã£ã¦ãƒãƒƒã‚«ã‚½ãƒ³ã«ã”å‚åŠ ãã ã•ã„ï¼ï¼

ãƒãƒƒã‚«ã‚½ãƒ³ã®ã‚¨ãƒ³ãƒˆãƒªãƒ¼ãƒ•ã‚©ãƒ¼ãƒ ã¯ã“ã¡ã‚‰
https://t.co/HdZ5G4fdGs

ã¾ãŸã€ãƒãƒƒã‚«ã‚½ãƒ³ã‚­ãƒƒã‚¯ã‚ªãƒ•ã‚¤ãƒ™ãƒ³ãƒˆï¼ˆ8/23ï¼ˆåœŸï¼‰ï¼‰ã«ã‚‚ãœã²ãŠè¶Šã—ãã ã•ã„ï¼ https://t.co/SuoT1Hanlt",https://docs.google.com/forms/d/e/1FAIpQLSfmNll9eYeUc_uOS7Jq_52i7XvF7W92OSJyjYAFVi_9J_qrIQ/viewform,https://twitter.com/tokyoaisai/status/1954513068630712682
"August 10, 2025 at 03:47AM",@kajikent,"AIã‚¨ãƒ¼ã‚¸ã‚§ãƒ³ãƒˆã®å°é ­ã«ã‚ˆã‚Šã€Webã¯äººé–“ä¸»å°ã®ã‚‚ã®ã‹ã‚‰ã€AIã‚¨ãƒ¼ã‚¸ã‚§ãƒ³ãƒˆåŒå£«ãŒè‡ªå¾‹çš„ã«å”èª¿ã—ã‚¿ã‚¹ã‚¯ã‚’é‚è¡Œã™ã‚‹ã€ŒAgent Webã€ã¸ã¨é€²åŒ–ã™ã‚‹ã¨äºˆæƒ³ã™ã‚‹è«–æ–‡ãŒéå¸¸ã«èˆˆå‘³æ·±ã„ã€‚

æœ¬è«–æ–‡ã§èªã‚‰ã‚Œã‚‹ã€ŒAgent Webã€ã®æ¦‚å¿µã€ãƒ“ã‚¸ãƒã‚¹æ§‹é€ ã®å¤‰åŒ–ã€ãƒªã‚¹ã‚¯ãªã©ã«ã¤ã„ã¦ãƒ¡ãƒ¢ãŒã¦ã‚‰ä»¥ä¸‹ã§ã¾ã¨ã‚ã¾ã—ãŸğŸ‘‡

1/16 https://t.co/XF7TuhBPTg",https://x.com/kajikent/status/1954389146388349382/photo/1,https://twitter.com/kajikent/status/1954389146388349382
"August 10, 2025 at 09:30AM",@shota7180,"GPT-5ã®ç™»å ´ãªã©â€¦ AIã®é€²åŒ–ã€é€Ÿã™ãã¦ã‚‚ã†ç„¡ç†â€¦

ä»Šé€±ã®æœ€æ–°AIãƒ‹ãƒ¥ãƒ¼ã‚¹ã‚’1æšã®å›³è§£ã«ã¾ã¨ã‚ã¾ã—ãŸï¼

1åˆ†ã§ãƒˆãƒ¬ãƒ³ãƒ‰ã«è¿½ã„ã¤ã‘ã‚‹ã‹ã‚‰ã€ä»Šã™ããƒã‚§ãƒƒã‚¯â†“ https://t.co/sNeeyFOvSE",https://x.com/shota7180/status/1954475308557517040/photo/1,https://twitter.com/shota7180/status/1954475308557517040
"August 10, 2025 at 08:56PM",@shuntaka_jp,çœ ã‚Œãªãã¦æ›¸ã„ãŸï¼#DevelopersIO Claude Codeã®Slash commandsã¯MCPã§é…ä¿¡ã—ã‚ˆã†ï¼ https://t.co/MZb5KTXsBx,https://dev.classmethod.jp/articles/shuntaka-claude-code-slash-commands-mcp-publish/,https://twitter.com/shuntaka_jp/status/1954648090398634341
"August 10, 2025 at 01:08AM",@ai_biostat,"GPT-5ã§ç”Ÿæˆã—ãŸã‚°ãƒ©ãƒ•ã‚£ã‚«ãƒ«ã‚¢ãƒ–ã‚¹ãƒˆãƒ©ã‚¯ãƒˆã‹ãªã‚Šè‰¯ã„æ„Ÿã˜ã˜ã‚ƒãªã„ï¼Ÿä½œã‚Šæ–¹ã¯GPT 5 Thinkingã‚’ä½¿ã£ã¦ãƒ—ãƒ­ãƒ³ãƒ—ãƒˆã¯ğŸ‘‰ã€æ·»ä»˜è«–æ–‡ã®ã‚°ãƒ©ãƒ•ã‚£ã‚«ãƒ«ã‚¢ãƒ–ã‚¹ãƒˆãƒ©ã‚¯ãƒˆã‚’ä½œæˆã—ã¦ã€‚ä¸€æµèªŒã«æ²è¼‰ã§ãã‚‹ã‚¯ã‚ªãƒªãƒ†ã‚£ã‚’ç›®æŒ‡ã—ã¦ã€‚æ–‡å­—ã¯è‹±èªã§æ›¸ãã“ã¨ã€‚ã€
è«–æ–‡:Tsai MH, et al. PLoS One. 2025;20(8):e0328353. https://t.co/tTGpGOPZ5l",https://x.com/ai_biostat/status/1954348991078092923/photo/1,https://twitter.com/ai_biostat/status/1954348991078092923
"August 10, 2025 at 11:29PM",@minchoi,GPT-5 Thinking https://t.co/ZT3ki4nuvA,https://x.com/minchoi/status/1954686494909583491/video/1,https://twitter.com/minchoi/status/1954686494909583491
"August 08, 2025 at 03:07PM",@K_Ishi_AI,"GPT-5ã¯æ˜ã‚‰ã‹ã«é£›èºçš„ãªæ€§èƒ½å‘ä¸Šã‚’é‚ã’ã¦ã„ã‚‹ã®ã«ã€ãã®é€²æ­©ã«å¤šãã®äººãŒãƒ”ãƒ³ã¨ãã¦ãªã„ã€‚ãã®ã‚®ãƒ£ãƒƒãƒ—ã¯ã©ã“ã«ã‚ã‚‹ã‹ã€‚

ãã‚Œã¯å˜ã«ã»ã¨ã‚“ã©ã®ä½¿ã„æ–¹ãŒä¸€å•ä¸€ç­”ã®ãƒãƒ£ãƒƒãƒˆåˆ©ç”¨ã§ã€GPT-5ãŒæœ¬é ˜ã‚’ç™ºæ®ã™ã‚‹ã‚¨ãƒ¼ã‚¸ã‚§ãƒ³ãƒˆåˆ©ç”¨ãŒã¾ã ã•ã‚Œã¦ã„ãªã„ã‹ã‚‰ã ã€‚

å¤šåˆ†ãã®ã†ã¡ã“ã®å›³ã®ã‚«ãƒ¼ãƒ–ã®ãƒ¤ãƒã•ã«æ°—ã¥ãã€‚ https://t.co/B5NS6H1qKr",https://x.com/K_Ishi_AI/status/1953835549518602375/photo/1,https://twitter.com/K_Ishi_AI/status/1953835549518602375
"August 06, 2025 at 12:10AM",@rui314,OpenAIã®gpt-oss:120bã‚’Threadripper 7980Xã€ãƒ¡ã‚¤ãƒ³ãƒ¡ãƒ¢ãƒª384GBã®ãƒ­ãƒ¼ã‚«ãƒ«ãƒã‚·ãƒ³ã§å‹•ã‹ã™ã¨ã“ã‚Œãã‚‰ã„ã®é€Ÿåº¦ https://t.co/KuMupBLmYH,https://x.com/rui314/status/1952884918918496261/video/1,https://twitter.com/rui314/status/1952884918918496261
"August 09, 2025 at 02:58AM",@_daichikonno,"è«–æ–‡è§£èª¬AIã€ŒPaper Interpreterã€ã®æ€§èƒ½ãŒã€GPT-5ã§å¤§ããå‘ä¸Šã—ã¦ã„ã¾ã™ï¼

ã€Œã“ã®è«–æ–‡ã‚’å¯èƒ½ãªé™ã‚Šæ‰¹åˆ¤çš„ã«è§£é‡ˆã—ã¦ã€ã¨æŒ‡ç¤ºã‚’å‡ºã™ã ã‘ã§ã€
(ã“ã®åˆ†é‡ã§åšå£«å·ã‚’æŒã¤)ç§ã¨åŒç­‰ä»¥ä¸Šã®æ·±ã•ã§å›ç­”ã—ã¦ãã‚Œã¾ã™ã€‚

""a PhD in your pocket""ã‚’ã€ã¾ã–ã¾ã–ã¨ä½“æ„Ÿã•ã›ã‚‰ã‚Œã¾ã—ãŸã€‚
https://t.co/oSWxAmacJ7 https://t.co/X68W2BxeFd",https://x.com/_daichikonno/status/1907988997227389332,https://twitter.com/_daichikonno/status/1954014275342938240
"August 09, 2025 at 09:30PM",@kosuke_agos,"AIã®é€²åŒ–ãŒé€Ÿã™ãã¦ç½®ã„ã¦ã„ã‹ã‚Œã‚‹ã€‚

å…ˆé€±ã ã‘ã§ã€Googleã‚„OpenAIãªã©ã‹ã‚‰åƒ•ãŸã¡ã®ä»•äº‹ã‚„æ—¥å¸¸ã‚’æ ¹åº•ã‹ã‚‰è¦†ã™ãƒ¬ãƒ™ãƒ«ã®è¡æ’ƒã®ã‚¢ãƒƒãƒ—ãƒ‡ãƒ¼ãƒˆãŒå¤šæ•°ç™ºè¡¨ã•ã‚Œã¾ã—ãŸã€‚

ã“ã®æƒ…å ±æ ¼å·®ã¯ã€æ°—ã¥ã„ãŸæ™‚ã«ã¯æ‰‹é…ã‚Œã«ãªã‚Šã¾ã™

è¦‹é€ƒã—å³ç¦ãªæœ€æ–°AIã‚¢ãƒƒãƒ—ãƒ‡ãƒ¼ãƒˆ8é¸ã‚’ã¾ã¨ã‚ã¾ã—ãŸğŸ§µ",,https://twitter.com/kosuke_agos/status/1954294268002230725
"August 11, 2025 at 12:14AM",@GOROman,å‡ºä¼šã£ãŸäººã¨ã®ä¼šè©±ã‚’è¦šãˆã¦ãã‚Œã‚‹AIãƒ¡ã‚¬ãƒã€‚Brilliant Labsã€ŒHaloã€ | ã‚®ã‚ºãƒ¢ãƒ¼ãƒ‰ãƒ»ã‚¸ãƒ£ãƒ‘ãƒ³ https://t.co/UdUaSVMclS,https://www.gizmodo.jp/2025/08/brilliant-labs-halo.html,https://twitter.com/GOROman/status/1954697950954963243
"August 10, 2025 at 08:29AM",@indiehacker5,"ãƒ—ãƒ­ãƒ€ã‚¯ãƒˆã‚’ç„¡æ–™ã§ç´¹ä»‹ã§ãã‚‹ãƒ—ãƒ©ãƒƒãƒˆãƒ•ã‚©ãƒ¼ãƒ ã«ç™»éŒ²ã—ãŸ

izanami
solomaker
solo
SaaSHub
Launching Next
BetaList
PitchWall
stackshare
IndieHackers
Reddit",,https://twitter.com/indiehacker5/status/1954460081434632416
"August 11, 2025 at 01:56AM",@AIMIRAI46487,ç¾åœ¨ChatGPTã®Proãƒ¦ãƒ¼ã‚¶ãƒ¼ãŒä½¿ãˆã‚‹ã€GPT-5ã®ä¸Šä½ãƒ¢ãƒ‡ãƒ«ã€ŒGPT-5 Proã€ã«ã¤ã„ã¦ã€(ChatGPTã®)Plusãƒ¦ãƒ¼ã‚¶ãƒ¼ã«å°‘é‡ä½¿ãˆã‚‹ã‚ˆã†ã«ã™ã‚‹è¨ˆç”»ãŒã‚ã‚‹ã‚ˆã†ã§ã™ã€‚ https://t.co/o9uR7OIaEV,https://x.com/AIMIRAI46487/status/1954723574398472591/photo/1,https://twitter.com/AIMIRAI46487/status/1954723574398472591
"August 09, 2025 at 02:11PM",@chessMan786,Visual Explanation of How LLMs Work https://t.co/Jox7DVXJde,https://x.com/chessMan786/status/1954183883278393622/video/1,https://twitter.com/chessMan786/status/1954183883278393622
"August 10, 2025 at 03:00AM",@LangChainJP,"ã€ãƒªã‚³ãƒ¼ã€OpenAIã®gpt-oss-120Bã®ã‚ªãƒ³ãƒ—ãƒ¬æä¾›é–‹å§‹ã€‘

ãƒªã‚³ãƒ¼ã¯OpenAIãŒ8æœˆ5æ—¥ï¼ˆç±³å›½ç¾åœ°æ™‚é–“ï¼‰ã«ç™ºè¡¨ã—ãŸã‚ªãƒ¼ãƒ—ãƒ³ã‚¦ã‚§ã‚¤ãƒˆãƒ¢ãƒ‡ãƒ«gpt-oss-120Bã®ã‚ªãƒ³ãƒ—ãƒ¬ç’°å¢ƒã§ã®æ¤œè¨¼ã‚’çµ‚ãˆã¦ã€é¡§å®¢ã¸ã®å€‹åˆ¥æä¾›ã‚’é–‹å§‹ã—ãŸã€‚ https://t.co/yuUk03MDhL",https://x.com/LangChainJP/status/1954377235583946755/photo/1,https://twitter.com/LangChainJP/status/1954377235583946755
"August 10, 2025 at 03:03AM",@miyashin_prg,ãªã«ã£ï¼ï¼ŸHTMLã‚„CSSãªã—ã§Webãƒšãƒ¼ã‚¸ã‚’ä½œæˆå‡ºæ¥ã‚‹ã ã¨ã£ï¼ï¼ï¼ï¼Ÿï¼Ÿï¼ŸğŸ˜Šâœ¨âœ¨âœ¨ https://t.co/l8Gf1fpJN7,https://x.com/miyashin_prg/status/1954378159572607168/photo/1,https://twitter.com/miyashin_prg/status/1954378159572607168
"August 10, 2025 at 07:09AM",@shields_pikes,"ä¾‹ãˆã°90%ã®æ­£ç­”ç‡ã®ãƒ¢ãƒ‡ãƒ«ãŒ95%ã«æ”¹å–„ã—ã¦ã‚‚ã€å¾®ã€…ãŸã‚‹å·®ã«æ°—ã¥ã‹ãªã„äººã‚‚å¤šã„ã€‚

ã§ã‚‚ã€chain of thoughtã®ã‚¿ã‚¹ã‚¯ã‚’å‡¦ç†ã•ã›ã‚‹å ´åˆã€90%ã®æ­£ç­”ç‡ã®ãƒ¢ãƒ‡ãƒ«ã§ã‚‚ã€ã‚¨ãƒ¼ã‚¸ã‚§ãƒ³ãƒˆã§10å›é€£ç¶šã§å‡¦ç†ã•ã›ãŸã‚‰ã€æœ€çµ‚çµæœã¯34.87%ã®æ­£ç­”ç‡ã«ãªã£ã¦ã—ã¾ã†ã€‚

95%ã®å ´åˆã¯59.87%ã ã‹ã‚‰ã€ã‹ãªã‚Šå¤§ããªæ”¹å–„ã«ãªã‚‹ã€‚ https://t.co/Ijssu380Qh",https://twitter.com/k_ishi_ai/status/1953835549518602375,https://twitter.com/shields_pikes/status/1954439958942351638
"August 10, 2025 at 09:37AM",@HeyNina101,"AI agents break for the same reason code breaks: no one reads the docs.

So hereâ€™s a shortcut: 15+ enterprise AI agent playbooks I keep bookmarked, organized into 4 categories so you can find exactly what you need without digging through 500+ pages.

ğŸ­. ğ—¦ğ˜ğ—¿ğ—®ğ˜ğ—²ğ—´ğ˜† & https://t.co/hWeLNyXeLV",https://x.com/HeyNina101/status/1954477069813059677/photo/1,https://twitter.com/HeyNina101/status/1954477069813059677
"August 11, 2025 at 12:29AM",@tetumemo,"ğŸ“°8/10 AIæ¥­ç•Œ24æ™‚é–“ãƒˆãƒ¬ãƒ³ãƒ‰ãƒ‹ãƒ¥ãƒ¼ã‚¹

ğŸ™ï¸Spotifyé…ä¿¡å®Œäº†

â€¢ #keep4o é‹å‹•ã§GPT-4oç·Šæ€¥å¾©æ´» â†’ ãƒ¦ãƒ¼ã‚¶ãƒ¼ã®å£°ãŒå·¨å¤§ä¼æ¥­ã‚’24æ™‚é–“ã§æ–¹é‡è»¢æ›
â€¢ Meta $65Bå²ä¸Šæœ€å¤§æŠ•è³‡ â†’ AIåŸºç›¤ç«¶äº‰ãŒæ–°æ®µéšçªå…¥
â€¢ Google Julesæ­£å¼ç‰ˆ â†’ é–‹ç™ºè€…ã®ç”Ÿç”£æ€§ãŒé©å‘½çš„å‘ä¸Š
â€¢ Microsoft-BlackRock $30BåŸºé‡‘ â†’ https://t.co/BEsPbA90OZ https://t.co/7KzmKlRbxS",https://x.com/tetumemo/status/1954701653741101307/photo/1,https://twitter.com/tetumemo/status/1954701653741101307
"August 11, 2025 at 12:29AM",@tetumemo,"ğŸ“°8/10 AIæ¥­ç•Œ24æ™‚é–“ãƒˆãƒ¬ãƒ³ãƒ‰ãƒ‹ãƒ¥ãƒ¼ã‚¹

ğŸ™ï¸Spotifyé…ä¿¡å®Œäº†

https://t.co/gxhnroDqyh",https://open.spotify.com/episode/2cXI5VbskKv0eAZEbniOig?si=hKWP-SomSXqrMvQ2ImGdyg,https://twitter.com/tetumemo/status/1954701656513450436
"August 11, 2025 at 12:29AM",@tetumemo,"ğŸ“°8/10 AIæ¥­ç•Œ24æ™‚é–“ãƒˆãƒ¬ãƒ³ãƒ‰ãƒ‹ãƒ¥ãƒ¼ã‚¹ã€€è¦ç´„è¨˜äº‹

https://t.co/lQDAmouSwV",https://x.com/tetumemo/status/1954492208075489323,https://twitter.com/tetumemo/status/1954701658459693491
"August 11, 2025 at 12:46AM",@shields_pikes,"è©³ã—ãã¯è¨³æ–‡ã‚’èª­ã‚“ã§ã€‚

ã§ã‚‚ä»Šå›ã€ã“ã†ã„ã†AIã®ãƒ‹ãƒ¼ã‚ºãŒè¡¨é¢åŒ–ã•ã‚ŒãŸã®ã§ã€ã“ã‚Œã‹ã‚‰ã®AIãƒ¢ãƒ‡ãƒ«é–‹ç™ºã«ã‚‚æ´»ã‹ã—ã¦æ¬²ã—ã„ã§ã™ã­ã€‚
OpenAIå…¬å¼ã®ã‚µãƒ¼ãƒ“ã‚¹ã¨ã—ã¦ã©ã“ã¾ã§æ‹…ã†ã®ã‹ã€ä»–ã®ã‚¹ã‚¿ãƒ¼ãƒˆã‚¢ãƒƒãƒ—ã‚„ãƒ™ãƒ³ãƒãƒ£ãƒ¼ãŒæ‹…ã†é ˜åŸŸã¯ã©ã“ã¾ã§ã‹ã€ã¨ã„ã†ã®ã‚‚å«ã‚ã¦ã€‚AIã¨äººã®é–¢ä¿‚ã‚’è€ƒãˆç›´ã™éæ¸¡æœŸã‚’è¿ãˆãŸãªã‚ã€‚ https://t.co/rBXgDBDDvD",https://twitter.com/sama/status/1954703747495649670,https://twitter.com/shields_pikes/status/1954706039842144594
"August 11, 2025 at 03:15AM",@7_eito_7,å€‹äººé–‹ç™ºè€…å¿…è¦‹ã€‚Claude Codeã®é–‹ç™ºåŠ¹ç‡ãŒ30å€è‰¯ããªã‚‹æ–°æ©Ÿèƒ½ãŒæµ·å¤–ã§è©±é¡Œã§ã™ã€‚é•·æ™‚é–“ã‹ã‹ã‚‹å‡¦ç†ã‚’è£ã§å®Ÿè¡Œï¼†ç›£è¦–ã—ãªãŒã‚‰é–‹ç™ºã‚’ç¶šã‘ã‚‰ã‚Œã¾ã™ã€‚é–‹ç™ºã‚µãƒ¼ãƒãƒ¼ã€ãƒ†ã‚¹ãƒˆã€ãƒ“ãƒ«ãƒ‰ã‚’è£ã§å›ã—ã¤ã¤ä»–ã®ä½œæ¥­ã‚’é€²ã‚ã‚‰ã‚Œã‚‹ã®ã§ã€å¾…ã¡æ™‚é–“ã¯ã‚‚ã†ä¸è¦ã€‚å…·ä½“çš„ãªä½¿ã„æ–¹ã‚’ç´¹ä»‹ã™ã‚‹ã®ã§ä¿å­˜ã—ã¦è©¦ã—ã¦ãã ã•ã„ğŸ‘‡ https://t.co/ZrgipQ1wKp,https://x.com/7_eito_7/status/1954743372167745757/video/1,https://twitter.com/7_eito_7/status/1954743372167745757
"August 11, 2025 at 02:53AM",@Tsubame33785667,"8æœˆ2æ—¥ã®äºˆæ¸¬ã€‚
ã€Œï¼ˆGPT-5ãŒï¼‰AGIã§ã¯ãªã„ä»¥ä¸Šã€OpenAIã¯æ„å›³çš„ã«ã€éå°è©•ä¾¡ã€ã®æ–¹å‘ã«æŒ¯ã£ã¦ãã‚‹ã¯ãšã§ã™ã€‚ã¨ã„ã†ã®ã‚‚ã€å‰å›ã‚ˆã‚Šã‚‚è‰¯ãè¦‹ã›ã‚‹ã‚ˆã‚Šã€ã‚ãˆã¦æœŸå¾…ã‚’ä¸‹å›ã‚‹å½¢ã§è¦‹ã›ã¦ãŠã„ãŸã»ã†ãŒåˆ©ç›Šã«ã¤ãªãŒã‚‹ã‹ã‚‰ã§ã™ã€ï¼ˆæ„è¨³ï¼‰
ãã†ã ã‚ã†ã‹ã¨æ€ã„ã¾ã—ãŸãŒã€æ¡ˆå¤–çš„ã‚’å°„ã¦ã„ã‚‹ã‹ã‚‚ã—ã‚Œã¾ã›ã‚“ã€‚ https://t.co/ttO2SoXGmk",https://twitter.com/chatgpt21/status/1951354730967699862,https://twitter.com/Tsubame33785667/status/1954737901113340414
"August 11, 2025 at 05:23AM",@shotovim,"Obsidianã®ãƒãƒ¼ãƒˆã‚’noteã®å½¢å¼ã«å¤‰æ›ã™ã‚‹ãƒ—ãƒ©ã‚°ã‚¤ãƒ³ã‚’é–‹ç™ºã—ã¾ã—ãŸï¼Obsidianã§æ›¸ã„ãŸnoteã®ä¸‹æ›¸ãã‚’ã»ã¼ä¿®æ­£ç„¡ã—ã§noteã«é©ç”¨ã§ãã‚‹ã‚ˆã†ã«ãªã‚Šã¾ã™ï¼è©³ã—ã„ä½¿ã„æ–¹ã‚„å°å…¥æ–¹æ³•ã¯ã“ã¡ã‚‰ã®è¨˜äº‹ã§è§£èª¬ã—ã¦ã„ã¾ã™ã€‚
https://t.co/2B4sEQmOnB",https://note.com/shotovim/n/n8a180c163ca0?sub_rt=share_pw,https://twitter.com/shotovim/status/1954775585181565094
"August 10, 2025 at 09:18AM",@AIMIRAI46487,"Sand AIã¯ã€1æšã®äººç‰©(ã‚­ãƒ£ãƒ©)ç”»åƒï¼‹éŸ³å£°ãƒ‡ãƒ¼ã‚¿ã‹ã‚‰ã€äººç‰©ãŒè©±ã™ãƒªãƒƒãƒ—ã‚·ãƒ³ã‚¯(å£ãƒ‘ã‚¯)å‹•ç”»ã‚’ç”Ÿæˆã§ãã‚‹AIãƒ„ãƒ¼ãƒ«ã€ŒGaga AIã€ã‚’å…¬é–‹ã—ã¾ã—ãŸã€‚ç„¡æ–™ãƒ—ãƒ©ãƒ³ã‚‚ç”¨æ„ã•ã‚Œã¦ã„ã¾ã™ã€‚

æ—¥æœ¬äººå¥³æ€§ã‚­ãƒ£ã‚¹ã‚¿ãƒ¼ã®ç”»åƒã‹ã‚‰ç”Ÿæˆã—ãŸãƒªãƒƒãƒ—ã‚·ãƒ³ã‚¯å‹•ç”»(ã‚µã‚¦ãƒ³ãƒ‰ã‚ªãƒ³ğŸ”Š) https://t.co/PhuYf4bR8I",https://x.com/AIMIRAI46487/status/1954472321378611656/video/1,https://twitter.com/AIMIRAI46487/status/1954472321378611656
"August 11, 2025 at 05:44AM",@Park_AI362489,"AIé§†å‹•ã®Webã‚µã‚¤ãƒˆåˆ¶ä½œ
Windsurfã«ã¤ã„ã¦ã®ã¾ã¨ã‚ã®ç« 

@SaaS_Build_Camp ã•ã‚“ãŒæ›¸ã„ã¦ãã‚Œã¾ã—ãŸã€‚

ã‚¹ã‚¯ãƒ¼ãƒ«é‹å–¶ã‚„ã‚»ãƒŸãƒŠãƒ¼ã‚‚ç™»å£‡ã•ã‚Œã¦ã‚‹
ã‚·ã‚´ãƒ‡ã‚­ã™ãã‚‹æ–¹ã§ã™ã€‚ https://t.co/dZqMqYGNdz https://t.co/YEOMjsqmnW",https://x.com/Park_AI362489/status/1954781015882498351/video/1,https://twitter.com/Park_AI362489/status/1954781015882498351
"August 10, 2025 at 09:00PM",@hajimen_dokusho,è„³ç§‘å­¦ãŒè¨¼æ˜ã—ãŸã€æœ€é€Ÿã§ã‚¹ã‚­ãƒ«ãŒå®šç€ã™ã‚‹æ–¹æ³•ã€‚ https://t.co/RPDjtcTZB5,https://x.com/hajimen_dokusho/status/1954648953385066907/photo/1,https://twitter.com/hajimen_dokusho/status/1954648953385066907
"August 11, 2025 at 08:49AM",@ai_database,"LLMã¯ã€ä½¿ã„æ–¹æ¬¡ç¬¬ã§ã¯å¾“æ¥ã®æ©Ÿæ¢°å­¦ç¿’ã®ä»£æ›¿æ‰‹æ®µã«ãªã‚Šå¾—ã‚‹ã“ã¨ã®ã“ã¨ã§ã™ã€‚â€‹â€‹â€‹â€‹
æ±äº¬å¤§å­¦ã®ç ”ç©¶è€…ã‚‰ã«ã‚ˆã‚‹å ±å‘Šã€‚

ç ”ç©¶è€…ãŸã¡ã¯ã€LLMã«ã€Œå›ã¯äºˆæ¸¬ã™ã‚‹é–¢æ•°ã ã‚ˆã€ã¨å½¹å‰²ã‚’æ¼”ã˜ã•ã›ã‚‹ã“ã¨ãŒæœ‰åŠ¹ã ã¨æ˜ã‚‰ã‹ã«ã—ã¾ã—ãŸã€‚ https://t.co/zFgdkltZC1",https://x.com/ai_database/status/1954827465454653536/photo/1,https://twitter.com/ai_database/status/1954827465454653536
"August 11, 2025 at 12:27AM",@kojiteshigawara,"è·å ´ã®ã™ã‚Œé•ã„ã€æ€§æ ¼ã®ä¸ä¸€è‡´ã˜ã‚ƒãªã„ã€‚
9å‰²ã¯ã€Œç›®çš„ã®é•ã„ã€ã§ã™ã€‚ https://t.co/pw4QOs8Fjy",https://x.com/kojiteshigawara/status/1954701097257578899/photo/1,https://twitter.com/kojiteshigawara/status/1954701097257578899
"August 11, 2025 at 09:16AM",@AIMIRAI46487,"GPT-5ã‚’å®¶åº­æ•™å¸«ã«ã™ã‚‹ChatGPTã®å­¦ç¿’ãƒ¢ãƒ¼ãƒ‰ã®æ¦‚è¦ãƒ»ä½¿ã„æ–¹ãƒ»æ´»ç”¨äº‹ä¾‹ã‚’è§£èª¬ã—ãŸå‹•ç”»ã‚’YouTubeã«ã‚¢ãƒƒãƒ—ã—ã¾ã—ãŸã€‚

ãƒ€ã‚¤ã‚¸ã‚§ã‚¹ãƒˆå‹•ç”»(ã‚µã‚¦ãƒ³ãƒ‰ã‚ªãƒ³ğŸ”Š) https://t.co/gxWqMq4fUa",https://x.com/AIMIRAI46487/status/1954834247837171835/video/1,https://twitter.com/AIMIRAI46487/status/1954834247837171835
"August 11, 2025 at 07:18AM",@Fumiya_Kume,"Claude Code Meetup Tokyo ã«å‘ã‘ã¦ã€ç™»å£‡ã§ãã‚‹äººã‚’å‹Ÿé›†ã—ã¦ã„ã¾ã™ã€‚
æ¥­å‹™/å€‹äººã¨ã‹ã§ã‚´ãƒªã‚´ãƒªClaude Code ã‚’ä½¿ã£ã¦ã‚‹äººã€ã‚³ãƒ¼ãƒ‡ã‚£ãƒ³ã‚°ã«é™ã‚‰ãšè‰²ã€…æ´»ç”¨ã—ã¦ã‚‹è©±ã‚’æœŸå¾…ã—ã¦ã„ã¾ã™ã€‚

æ—¥ç¨‹ã¯ã•ã¦ãŠãã€ä½•ã‹è©±ã®ãƒã‚¿ãŒã‚ã‚‹äººã¯ãƒªãƒ—ã‹DMã§æ•™ãˆã¦ãã ã•ã„ï¼ğŸ™Œ
ãƒã‚¿ãŒãªã„äººã¯ã€RTã‹ã„ã„ã­ã—ã¦æ‹¡æ•£ã‚ˆã‚ï¼ https://t.co/dzDwEb285m",https://twitter.com/Fumiya_Kume/status/1953331228431561198,https://twitter.com/Fumiya_Kume/status/1954804637468639418
"August 11, 2025 at 04:01AM",@sandayuu,æ€ã£ãŸã“ã¨ã‚’æ›¸ãã¾ã—ãŸ - AI ã®ãŠé™°ã§ã€ä»Šã‚¨ãƒ³ã‚¸ãƒ‹ã‚¢ã®äººã¯ã‚ã¡ã‚ƒãã¡ã‚ƒãŠã„ã—ã„æ™‚ä»£ã‹ã‚‚ã—ã‚Œãªã„ã€‚ï½œç‰›å°¾ã€€å‰› @sandayuu https://t.co/E8p6IpyM5K,https://note.com/simplearchitect/n/na43d5b84fdf1?sub_rt=share_pb,https://twitter.com/sandayuu/status/1954755112720830544
"August 10, 2025 at 01:56PM",@commte,"ğŸš€ å€‹äººé–‹ç™ºãƒ”ãƒƒã‚¯ã‚¢ãƒƒãƒ— #WnB
SubFlow
ã‚µãƒ–ã‚¹ã‚¯ç®¡ç†ï¼å±¥æ­´ã‚„è¤‡é›‘ãªåˆ†æã¯ä»˜ã‘ãšã€æµã‚Œã‚‹ã‚°ãƒ©ãƒ•ã§ç¾æ™‚ç‚¹ã®æ”¯å‡ºã‚’ã‚·ãƒ³ãƒ—ãƒ«ã«è¡¨ç¤º
@Goosusuu ã•ã‚“
ãœã²ä½“é¨“ã—ã¦ã¿ã¦ãã ã•ã„ğŸ‘‡ï¼ˆãƒªãƒ³ã‚¯ã¯ãƒªãƒ—ã§ï¼‰ https://t.co/X1vJei3hg0",https://x.com/commte/status/1954542353383133615/photo/1,https://twitter.com/commte/status/1954542353383133615
"August 07, 2025 at 09:57PM",@super_bonochin,"æ„Ÿå‹•ã‚’ä¼ãˆãŸã„ã®ã«ã€ãªã‚“ã‹ãªã‹ãªã‹çš†ã«ä¼æ’­ã—ã¦ãªã„ã‹ã‚‰ã„ã£ã±ã„æ›¸ãã‚ˆï¼ï¼

Codex CLI ã‹ã‚‰ GPT-5 ã‚’ ""ChatGPT ã®ã‚µãƒ–ã‚¹ã‚¯ã§"" ä½¿ã£ã¦ Vibe Coding ã§ãã‚‹ã‚ˆã†ã«ãªã£ãŸã‚ˆï¼
APIã‚­ãƒ¼ä¸è¦ï¼å®šé¡ï¼
APIã‚­ãƒ¼ä¸è¦ï¼å®šé¡ï¼
APIã‚­ãƒ¼ä¸è¦ï¼å®šé¡ï¼ https://t.co/R1pAWcIwcF",https://twitter.com/OpenAIDevs/status/1953559797883891735,https://twitter.com/super_bonochin/status/1953576292638654826
"August 11, 2025 at 04:29AM",@vevnica,"ã€ä½è³€ã®ä¸­å¿ƒã§AWSã‚’å«ã¶ã€ã®ç™»å£‡è³‡æ–™ã§ã™

Amazon S3 Vectorsã¯å¤§è¦æ¨¡ãƒ™ã‚¯ãƒˆãƒ«æ¤œç´¢ã‚’ä½ã‚³ã‚¹ãƒˆã«ã™ã‚‹ã‚µãƒ¼ãƒãƒ¼ãƒ¬ã‚¹ãªãƒ™ã‚¯ãƒˆãƒ«ãƒ‡ãƒ¼ã‚¿ãƒ™ãƒ¼ã‚¹ã  
#jawsugsaga #jawsug https://t.co/WHw1ARvi0S",https://speakerdeck.com/quiver/s3-vectors-as-a-serverless-vector-database,https://twitter.com/vevnica/status/1954762036023558328
"August 11, 2025 at 09:55AM",@karaage0703,ãƒ¡ãƒ¢ > Google Colab âœ– OpenAI GPT-OSS 20Bãƒ¢ãƒ‡ãƒ«ã®ãƒ•ã‚¡ã‚¤ãƒ³ãƒãƒ¥ãƒ¼ãƒ‹ãƒ³ã‚°å®Œå…¨ã‚¬ã‚¤ãƒ‰ https://t.co/UNd0yPuT83,https://hamaruki.com/openai-gpt-oss-20b-fine-tuning/,https://twitter.com/karaage0703/status/1954844014055772557
"August 11, 2025 at 05:28AM",@kojika_edu,"Obsidianã®ç¥ãŒã€ç¥ãƒ—ãƒ©ã‚°ã‚¤ãƒ³ã‚’é–‹ç™ºï¼

Obsidianâ†’note ã¸ã®ç§»è¡Œã£ã¦åœ°å‘³ã«é¢å€’ã ã£ãŸã®ã§ã€ã“ã‚Œã¯è©¦ã•ãªãã‚ƒâœ¨ https://t.co/PKxp4KPuyC",https://twitter.com/shotovim/status/1954775585181565094,https://twitter.com/kojika_edu/status/1954776849919471645
"August 11, 2025 at 12:03PM",@sakamoto_582,"ç±³å›½å¤§æ‰‹ãƒ†ãƒƒã‚¯ä¼æ¥­ã®æŠ€è¡“ãƒ–ãƒ­ã‚°ã®ã‚­ãƒ¥ãƒ¬ãƒ¼ã‚·ãƒ§ãƒ³ã‚µã‚¤ãƒˆã‚ã¡ã‚ƒãã¡ã‚ƒä¾¿åˆ©ã ãªã€‚ãƒ–ã‚¯ãƒã—ã¨ã“ã€‚

https://t.co/EA9X2KvEqa https://t.co/thb46tnWQs",https://engineering.fyi/,https://twitter.com/sakamoto_582/status/1954876350143307805
"August 11, 2025 at 11:30AM",@ai_database,"AIã‚¨ãƒ¼ã‚¸ã‚§ãƒ³ãƒˆãŒäººé–“ã®ä½œæ¥­ã‚’è‡ªå‹•åŒ–ã™ã‚‹ã€Œã‚¨ãƒ¼ã‚¸ã‚§ãƒ³ãƒˆãƒ¯ãƒ¼ã‚¯ãƒ•ãƒ­ãƒ¼ã€ã¨ã„ã†æŠ€è¡“åˆ†é‡ãŒæ€¥é€Ÿã«ç™ºå±•ã—ã€åŒ»ç™‚ã‹ã‚‰é‡‘èã€æ•™è‚²ã¾ã§å¹…åºƒã„åˆ†é‡ã§æ´»ç”¨ã•ã‚Œå§‹ã‚ã¦ã„ã¾ã™ã€‚

ã—ã‹ã—ç¾çŠ¶ã¯ã‚„ã‚„æ··ä¹±çŠ¶æ…‹ã«ã‚ã‚Šã¾ã™ã€‚ https://t.co/NGo9qVPvDS",https://x.com/ai_database/status/1954868133682135274/photo/1,https://twitter.com/ai_database/status/1954868133682135274
"August 11, 2025 at 10:54AM",@matsuu,ã€ŒOSS ã§ã¯ PR-Agent ( qodo-ai/pr-agent ) ãŒãƒ‡ãƒ•ã‚¡ã‚¯ãƒˆã‚¹ã‚¿ãƒ³ãƒ€ãƒ¼ãƒ‰ã¨ãªã£ã¦ãŠã‚Šã€ã‚»ãƒ«ãƒ•ãƒ›ã‚¹ãƒˆå¯èƒ½ã€ã‹ã¤ GitHub App ã¨ã—ã¦ã‚»ãƒƒãƒˆã‚¢ãƒƒãƒ—ã§ãã‚‹ã€ã»ã† / â€œOSS ã® AI ãƒ¬ãƒ“ãƒ¥ãƒ¼ãƒ„ãƒ¼ãƒ«ã€ŒPR-Agentã€ã‚’å…¨ç¤¾å°å…¥ã—ã€ã‚³ã‚¹ãƒˆåŠ¹ç‡ã®é«˜ã„é–‹ç™ºæ”¯æ´ã‚’å®Ÿç¾ã—ãŸè©± | BLOG - DeNA Enginâ€¦â€ https://t.co/AVzbYhWnEi,https://htn.to/23UKzoJ6NA,https://twitter.com/matsuu/status/1954858922655043915
"August 11, 2025 at 12:32PM",@GithubProjects,AltStore is an alternative app store for non-jailbroken iOS devices. https://t.co/TaO34meNeJ,https://x.com/GithubProjects/status/1954883630486208605/photo/1,https://twitter.com/GithubProjects/status/1954883630486208605
"August 11, 2025 at 11:57AM",@yugen_matuni,"ãŠã€GWSçµŒç”±ã§ã‚‚Gemini UltraãŒæ¥ã¾ã—ãŸã‹ã€‚

ã¾ã ä½¿ã£ãŸã“ã¨ãªã„ã§ã™ãŒGemini3ã¨Marineræ¬¡ç¬¬ã§é¸æŠè‚¢ã«å…¥ã‚Šã¾ã™ã­ã€‚ https://t.co/A4rdV4DcJB",https://twitter.com/EverydayAI_/status/1954869580796514485,https://twitter.com/yugen_matuni/status/1954874695247114431
"August 09, 2025 at 03:04PM",@Haruki_dev,ã€Œæ–°ã—ã„NotionAIã€å¼·ããªã„ã‹ï¼Ÿã€ https://t.co/5CYOAhHDDO,https://x.com/Haruki_dev/status/1954197081876529396/video/1,https://twitter.com/Haruki_dev/status/1954197081876529396
"August 11, 2025 at 09:32AM",@yousukezan,"ä¸»è¦ã‚¼ãƒ­ãƒˆãƒ©ã‚¹ãƒˆãƒãƒƒãƒˆãƒ¯ãƒ¼ã‚¯ã‚¢ã‚¯ã‚»ã‚¹ï¼ˆZTNAï¼‰è£½å“ã®æ·±åˆ»ãªè„†å¼±æ€§ãŒDEF CON 33ã§å…¬è¡¨ã•ã‚ŒãŸã€‚
å¯¾è±¡ã¯Zscalerã€Netskopeã€Check Pointï¼ˆPerimeter 81ï¼‰ã§ã€èªè¨¼ãƒã‚¤ãƒ‘ã‚¹ã‚„æ¨©é™æ˜‡æ ¼ãŒå¯èƒ½ã¨ãªã‚‹æ¬ é™¥ãŒå«ã¾ã‚Œã‚‹ã€‚",,https://twitter.com/yousukezan/status/1954838351095443565
"August 11, 2025 at 02:01AM",@iwashi86,"æµ·å¤–ã®ã‚¨ãƒ³ã‚¸ãƒ‹ã‚¢ãƒªãƒ³ã‚°ãƒ–ãƒ­ã‚°ã¾ã¨ã‚ã ã€‚ã‚ã¡ã‚ƒãã¡ã‚ƒè‰¯ã„ã€‚

https://t.co/kj18IiLTWW",https://engineering.fyi/,https://twitter.com/iwashi86/status/1954724806353617005
"August 11, 2025 at 07:20AM",@Ubermenscchh,"Nvidia CEO Jensen Huang just made the boldest prediction of his career:

â€œAI will create more millionaires in 5 years than the internet did in 20.â€

But he didnâ€™t stop there.

He revealed exactly HOW itâ€™ll happen

Hereâ€™s his framework for capitalizing before itâ€™s too late: https://t.co/Z2GvSYSXOW",https://x.com/Ubermenscchh/status/1954805104974131581/photo/1,https://twitter.com/Ubermenscchh/status/1954805104974131581
"August 11, 2025 at 03:57AM",@tattaka_sun,"ä»Šæ›´èª­ã‚“ã ã‘ã©é¢ç™½ã‹ã£ãŸ
è‡ªåˆ†ã¿ãŸã„ãªNNã‚¢ãƒ¼ã‚­ãƒ†ã‚¯ãƒãƒ£ã“ã­ã“ã­ã‚ªã‚¿ã‚¯ã«ã¯åˆºã•ã‚‹
https://t.co/aq0mwQWFOj",https://magazine.sebastianraschka.com/p/the-big-llm-architecture-comparison,https://twitter.com/tattaka_sun/status/1954753903410794865
"August 10, 2025 at 05:18AM",@aibi0123,"2024å¹´10æœˆäº¬éƒ½å¤§å­¦ç—…é™¢ã§USAG-1ã‚¿ãƒ³ãƒ‘ã‚¯è³ªã‚’æŠ‘åˆ¶ã™ã‚‹ã“ã¨ã§æ­¯ã‚’å†ç”Ÿã•ã›ã‚‹è–¬TRG-035ã®ãƒ’ãƒˆè©¦é¨“ãŒé–‹å§‹
å‹•ç‰©å®Ÿé¨“ã§ã¯æ­¯ã®å†ç”Ÿã«æˆåŠŸã—ã¦ãŠã‚Šç¾åœ¨ã¯1æœ¬ã®æ­¯ãŒæ¬ æã—ã¦ã„ã‚‹æˆäººã‚’å¯¾è±¡ã¨ã—ãŸè©¦é¨“ãŒè¡Œã‚ã‚Œã¦ã„ã‚‹
åŠ¹æœãŒè¨¼æ˜ã•ã‚Œã‚Œã°2030å¹´ã¾ã§ã«ç¾©æ­¯ã‚„ã‚¤ãƒ³ãƒ—ãƒ©ãƒ³ãƒˆã«ä»£ã‚ã‚‹è‡ªç„¶ãªä»£æ›¿æ‰‹æ®µã¨ãªã‚‹å¯èƒ½æ€§ãŒã‚ã‚‹ https://t.co/w9j5LwkSFD",https://twitter.com/IntEngineering/status/1954331916838064453,https://twitter.com/aibi0123/status/1954411989637398887
"August 11, 2025 at 07:03AM",@rika_investor,"å¤§å‰ç ”ä¸€æ°ã¯å¿…é ˆã‚¹ã‚­ãƒ«ã‚’å®šç¾©ã—ã¦ã„ã¾ã—ãŸã€‚ç§ã¯ç¾ä»£ã«åŸºã¥ãã€ä¿®æ­£ã‚’åŠ ãˆã‚‹å¿…è¦ãŒã‚ã‚‹è€ƒãˆã¦ã„ã¾ã™ã€‚

å¿…é ˆã‚¹ã‚­ãƒ«ï¼šè‹±èªãƒ»ITãƒ»è²¡å‹™
ä¿®ã€€æ­£ã€€ç‰ˆï¼šé›†å®¢ãƒ»ç”ŸæˆAIãƒ»è²¡å‹™

ä»Šå¾Œã¯ã€Œå€‹äººã®ã‚¹ã‚­ãƒ«ã€ã‚ˆã‚Šã€Œé›†å®¢ã€ã®æ–¹ãŒé‡è¦ã§ã‚ã‚Šã€ç”ŸæˆAIã‚’åˆ©ç”¨ã—ã¦ãƒãƒªãƒ¥ãƒ¼ã‚¢ãƒƒãƒ—ã‚’ã—ã¦ã„ããƒ“ã‚¸ãƒã‚¹ãŒæµè¡Œã—ã¦ã„ãã¾ã™ã€‚ https://t.co/dUHuim2d94",https://twitter.com/rika_investor/status/1954791294896648271,https://twitter.com/rika_investor/status/1954800805154041963
"August 11, 2025 at 03:52AM",@TXAIacademy,"ãŸã£ãŸ17åˆ†ã§æœ€æ–°ã®AIãƒ‹ãƒ¥ãƒ¼ã‚¹ãŒã‚ã‹ã‚‹ï¼
â—¤é€±åˆŠAIãƒ‹ãƒ¥ãƒ¼ã‚¹ï¼ˆ7æœˆ31æ—¥ï½8æœˆ7æ—¥ï¼‰â—¢

âœ…OpenAIã®ç„¡æ–™æ€§èƒ½AIã€Œgpt-ossã€ãŒã¤ã„ã«å…¬é–‹
âœ…Manusã€ŒWide Researchã€ãŒãƒªã‚µãƒ¼ãƒã®å¸¸è­˜ã‚’å¤‰ãˆã‚‹
âœ…AIã«å¥½ã‹ã‚Œã‚‹ã‚µã‚¤ãƒˆã‚’ä½œã‚‹ã€ŒGMO AIæœ€é©åŒ–ãƒ–ãƒ¼ã‚¹ãƒˆã€
âœ…AIãŒå½¹å“¡ï¼ï¼Ÿã‚­ãƒªãƒ³ãŒå°å…¥ã—ãŸã€ŒCoreMateã€ã¨ã¯ https://t.co/lHkqcbGIhl",https://x.com/TXAIacademy/status/1954752883230187531/photo/1,https://twitter.com/TXAIacademy/status/1954752883230187531
"August 11, 2025 at 11:18PM",@FABYMETAL4,"ğŸ“’Palantirã¯ã€æ¬¡ã®NVIDIAã‹ï¼Ÿã€â”€â”€ NVIDIA 400å€æŠ•è³‡å®¶ãŒåˆ†æã™ã‚‹ã€æ„æ€æ±ºå®šAIã€ã®æœªæ¥ã¨ç¾å®Ÿ

2025å¹´8æœˆ5æ—¥ã€ã“ã®æ•°å­—ãŒPalantir Technologiesï¼ˆPLTRï¼‰ã®æ±ºç®—ç™ºè¡¨ã§æ˜ã‚‰ã‹ã«ãªã£ãŸç¬é–“ã€ç§ã®å¿ƒè‡“ã¯é«˜é³´ã£ãŸã€‚ https://t.co/MwAkitadnX",https://x.com/FABYMETAL4/status/1955046152929415356/photo/1,https://twitter.com/FABYMETAL4/status/1955046152929415356
"August 11, 2025 at 11:10PM",@suh_sunaneko,"PMã®æ°¸é ã®èª²é¡Œã§ã‚ã‚‹â€œäººã«ä¼ãˆã‚‹ã“ã¨â€ã«ã¤ã„ã¦noteè¨˜äº‹ã‚’æ›¸ãã¾ã—ãŸã€‚

ãƒ»ãŸã ã®æƒ…å ±ä¼é”ã§ã¯ãªãæƒ³ã„ã‚’è¨€èªåŒ–ã™ã‚‹
ãƒ»ç›¸æ‰‹ã«åˆã‚ã›ãŸæŠ½è±¡ãƒ¬ãƒ™ãƒ«ã‚’æ„è­˜ã™ã‚‹

èã‘ã°å½“ãŸã‚Šå‰ã§ã™ãŒã€æ„å¤–ã¨ã§ãã¦ã„ãªã„ã“ã¨ãŒå¤šã„ã€‚

https://t.co/Bs3hpRkbxI https://t.co/jejWz1UXxx",https://note.com/suh_sunaneko/n/n9a617ba7a9d2,https://twitter.com/suh_sunaneko/status/1955044165345218928
"August 12, 2025 at 12:42AM",@tetumemo,"ğŸ“æµ·å¤–ã§ã€Anthropicå…¬å¼ã®ãƒ—ãƒ­ãƒ³ãƒ—ãƒˆã‚¨ãƒ³ã‚¸ãƒ‹ã‚¢ãƒªãƒ³ã‚°ã‚¬ã‚¤ãƒ‰ã‚’è§£èª¬ã—ãŸè¨˜äº‹ãŒè©±é¡Œï¼

AIãƒ—ãƒ­ãƒ³ãƒ—ãƒˆä½œæˆã®ç§˜è¨£8ç‚¹ã‚’ã¾ã¨ã‚ã¾ã—ãŸ

è©³ç´°ã¯ãƒªãƒ—æ¬„ã¸ã€€ğŸ‘‡ï¸ https://t.co/72Q7qmMT6Q https://t.co/KaUKRXIzi1",https://x.com/tetumemo/status/1955067288337650060/photo/1,https://twitter.com/tetumemo/status/1955067288337650060
"August 11, 2025 at 01:13PM",@gaijineers,"https://t.co/dCaEVU1aCw

ãƒ“ãƒƒã‚¯ãƒ†ãƒƒã‚¯ã®ã‚¨ãƒ³ã‚¸ãƒ‹ã‚¢ãƒªãƒ³ã‚°ãƒ–ãƒ­ã‚°

ã“ã‚Œã‚’èª­ã‚“ã§ã‚ã‹ã‚‹ã“ã¨ï¼š
Uberã¯ã„ã¤ã‚‚æœ€å…ˆç«¯ãªæŠ€è¡“ã‚’ãƒ–ãƒ­ã‚°ã«å‡ºã—ã¦ã„ã‚‹ 
Netflixã¯æˆ‘ã€…ã®æƒ³åƒã§ãã‚‹ã‚¹ã‚±ãƒ¼ãƒ«ä»¥ä¸Šã®å•é¡Œã¨è§£ã„ã¦ã‚‹
Cloudflareã¯ä¸–ç•Œä¸€è©³ç´°ãªãƒã‚¹ãƒˆãƒ¢ãƒ¼ãƒ†ãƒ ãŒèª­ã‚ã‚‹ https://t.co/R1vCneunPu",https://engineering.fyi/,https://twitter.com/gaijineers/status/1954893860133585190
"August 11, 2025 at 09:18PM",@kosuke_agos,"AIã®ç‰©å¿˜ã‚Œå•é¡Œã«çµ‚æ­¢ç¬¦ãŒæ‰“ãŸã‚Œã‚‹ã‹ã‚‚ã—ã‚Œã¾ã›ã‚“ã€‚

ã‚¿ã‚¹ã‚¯ãŒé•·ããªã‚‹ã»ã©è¨˜æ†¶ãŒæº¢ã‚Œã¦æ€§èƒ½ãŒè½ã¡ã‚‹ã€ã¨ã„ã†AIã®èª²é¡Œã‚’è§£æ±ºã™ã‚‹ã€ŒMEM1ã€ãŒç™»å ´ã—ã¾ã—ãŸã€‚

å¼·åŒ–å­¦ç¿’ã‚’ä½¿ã„ã€äººé–“ã®ã‚ˆã†ã«å¿…è¦ãªæƒ…å ±ã ã‘ã‚’è¨˜æ†¶ã—ç¶šã‘ã‚‹ã“ã¨ã§ç‰©å¿˜ã‚Œå•é¡Œã‚’è§£æ±ºã—ã¾ã™ã€‚

é©šãã¹ãä»•çµ„ã¿ã¨ãƒã‚¤ãƒ³ãƒˆã‚’7ã¤ã¾ã¨ã‚ã¾ã—ãŸğŸ§µ",,https://twitter.com/kosuke_agos/status/1955015877432086640
"August 12, 2025 at 01:00AM",@pop_ikeda,"ğŸŒŸä¸–ç•Œäººå£ã®ç´„9%ãŒChatGPTãƒ¦ãƒ¼ã‚¶ãƒ¼ã«ï¼7å„„äººçªç ´ã®è¡æ’ƒ

OpenAIãŒç™ºè¡¨ã—ãŸæœ€æ–°ãƒ‡ãƒ¼ã‚¿ãŒç¤ºã™é©šæ„•ã®äº‹å®Ÿï¼š
ğŸ“Šé€±é–“ã‚¢ã‚¯ãƒ†ã‚£ãƒ–ãƒ¦ãƒ¼ã‚¶ãƒ¼ï¼š7å„„äººï¼ˆä¸–ç•Œäººå£ã®ç´„9%ï¼‰
ğŸ“ˆæ˜¨å¹´ã‹ã‚‰4å€æˆé•·
ğŸ’¼ä¼æ¥­ãƒ¦ãƒ¼ã‚¶ãƒ¼ï¼š300ä¸‡â†’500ä¸‡äººï¼ˆ67%å¢—ï¼‰
â°å¹³å‡åˆ©ç”¨ï¼šæœˆ12æ—¥ä»¥ä¸Šã€1æ—¥16åˆ† https://t.co/F94aJks3gq",https://twitter.com/nickaturley/status/1952385556664520875,https://twitter.com/pop_ikeda/status/1955071744135532711
"August 11, 2025 at 10:39AM",@matsuu,ãƒ—ãƒ­ãƒ³ãƒ—ãƒˆã‚ªãƒ¼ã‚±ã‚¹ãƒˆãƒ¬ãƒ¼ã‚·ãƒ§ãƒ³ç”¨ãƒãƒ¼ã‚¯ã‚¢ãƒƒãƒ—è¨€èªã€‚Microsoftã‹ã‚‰ã€‚ã»ã† / â€œGitHub - microsoft/poml: Prompt Orchestration Markup Languageâ€ https://t.co/5ssZ0vLlaP,https://htn.to/Uhq5Sn5SMv,https://twitter.com/matsuu/status/1954855252466762186
"August 11, 2025 at 11:35AM",@kamui_qai,"ã‚¨ãƒ¼ã‚¸ã‚§ãƒ³ãƒˆãƒ»ãƒ¯ãƒ¼ã‚¯ãƒ•ãƒ­ãƒ¼ã‚„ã‚Šã¾ã—ã‚‡ã†ã­ã€‚

github actionsãŒãŠå‹§ã‚ã€‚ https://t.co/TeRUGHMldJ https://t.co/E3z5UpymvR",https://x.com/kamui_qai/status/1954869293348168163/video/1,https://twitter.com/kamui_qai/status/1954869293348168163
"August 11, 2025 at 11:35PM",@itm_aiplus,"xAIã€ã€ŒGrok 4ã€ã‚’ç„¡æ–™ãƒ¦ãƒ¼ã‚¶ãƒ¼ã«ã«åˆ¶é™ä»˜ãã§è§£æ”¾ã€€ç”»åƒâ†’æ˜ åƒæ©Ÿèƒ½ã¯ç±³å›½ã®ã¿
https://t.co/fUp9MEBlWr",https://www.itmedia.co.jp/aiplus/articles/2508/12/news053.html,https://twitter.com/itm_aiplus/status/1955050365940011077
"August 11, 2025 at 02:13AM",@unwind_ai_,"5 AI tools to convert APIs to MCP servers in just a few minutes.

1. FastAPI-MCP exposes your FastAPI endpoints as MCP servers in one line of code with native auth support.

100% Opensource. https://t.co/ndUMHgLw0S",https://x.com/unwind_ai_/status/1954727826852327521/video/1,https://twitter.com/unwind_ai_/status/1954727826852327521
"August 11, 2025 at 11:20AM",@AIatMeta,"ğŸ† We're thrilled to announce that Meta FAIRâ€™s Brain & AI team won 1st place at the prestigious Algonauts 2025 brain modeling competition.

Their 1B parameter model, TRIBE (Trimodal Brain Encoder), is the first deep neural network trained to predict brain responses to stimuli https://t.co/IeX5gPd8Gz",https://x.com/AIatMeta/status/1954865388749205984/video/1,https://twitter.com/AIatMeta/status/1954865388749205984
"August 11, 2025 at 11:00PM",@ai_Prompt_1144,"ã€åœ°ç„ã€‘AIãŒä½œã£ãŸãƒ‘ãƒ¯ãƒã€çµå±€ã»ã¼ä½œã‚Šç›´ã—â€¦

AIã«ã€Œãƒ‘ãƒ¯ãƒç”¨ã®ãƒ—ãƒ¬ã‚¼ãƒ³è³‡æ–™æ§‹æˆæ¡ˆã¤ãã£ã¦ã€ã¨é ¼ã‚“ã ã‚‰ã€ä¸­èº«ã‚¹ã‚«ã‚¹ã‚«ã®è³‡æ–™ãŒçˆ†èª•ãŒçˆ†èª•...
æ‰‹ç›´ã—ã ã‘ã§3æ™‚é–“â€¦ã€‚

ãã®åŸå› ã¯ã€ã„ããªã‚ŠAIã«æ¸…æ›¸ã•ã›ã‚ˆã†ã¨ã™ã‚‹ã‹ã‚‰ã§ã™ã€‚",,https://twitter.com/ai_Prompt_1144/status/1955041702328086666
"August 12, 2025 at 01:31AM",@tetumemo,"ğŸ“•Sam AltmanãŒGPT-5éœ€è¦çˆ†å¢—ã§ã‚³ãƒ³ãƒ”ãƒ¥ãƒ¼ãƒˆå„ªå…ˆé †ä½ã‚’ç™ºè¡¨

1. æœ‰æ–™ChatGPTãƒ¦ãƒ¼ã‚¶ãƒ¼ã®ç·ä½¿ç”¨é‡ã‚’ä»¥å‰ã‚ˆã‚Šå¢—ã‚„ã™  
2. APIéœ€è¦ã‚’æ—¢å­˜å®¹é‡ã¾ã§å„ªå…ˆï¼ˆæ–°æˆé•·30%ç›®å®‰ï¼‰  
3. ç„¡æ–™ãƒ†ã‚£ã‚¢ã®å“è³ªå‘ä¸Š  
4. æ–°APIéœ€è¦  

5ãƒ¶æœˆã§ã‚³ãƒ³ãƒ”ãƒ¥ãƒ¼ãƒˆå€å¢—äºˆå®šã§æ”¹å–„ã¸ï¼

ã©ã‚“ã©ã‚“æœ‰æ–™ã«æ‰‹åšããªã£ã¦ã¦å¬‰ã—ã„ï¼ https://t.co/FlJ8S757cU",https://twitter.com/sama/status/1955077002945585333,https://twitter.com/tetumemo/status/1955079786184982821
"August 12, 2025 at 01:31AM",@masahirochaen,"ã€âš¡ï¸æœ—å ±ã€‘Claudeã§é‚ã«éå»ã®ä¼šè©±å±¥æ­´ã®å‚ç…§ãŒå¯èƒ½ã«ï¼

ã“ã‚Œã¯éå¸¸ã«å¬‰ã—ã„æ©Ÿèƒ½ã€‚éå»ã®ä¼šè©±ã®æ˜ã‚Šèµ·ã“ã—ã‚„ã€è‡ªåˆ†ã®ç‰¹æ€§ã‚„å—œå¥½ãªã©ã‚‚å‹æ‰‹ã«è¦šãˆã¦å¼•ãå‡ºã›ã¦è¶…ä¾¿åˆ©ã€‚ä½¿ãˆã°ä½¿ã†ã»ã©è‡ªåˆ†å¥½ã¿ã®AIã¨ãªã‚‹ã€‚

â€»ChatGPTã«ã¯æ—¢ã«æ­è¼‰æ¸ˆã¿ã®æ©Ÿèƒ½

â†“ä½¿ã„æ–¹
https://t.co/000TLJH60s",https://x.com/claudeai/status/1954982275453686216/video/1,https://twitter.com/masahirochaen/status/1955079544341438631
"August 11, 2025 at 11:34PM",@AIMIRAI46487,"Anthropicã¯ã€åŒç¤¾ã®AIãƒãƒ£ãƒƒãƒˆã€ŒClaudeã€ã®ä¸Šä½ã‚µãƒ–ã‚¹ã‚¯ãƒ—ãƒ©ãƒ³(Maxã€Teamã€Enterprise)ã®ãƒ¦ãƒ¼ã‚¶ãƒ¼ã«

(ClaudeãŒ)éå»ã®ãƒãƒ£ãƒƒãƒˆå†…å®¹ã‚’å‚è€ƒã«ä¼šè©±ã§ãã‚‹ã‚ˆã†ã«ãªã‚‹æ©Ÿèƒ½ã‚’å®Ÿè£…ã—ãŸã¨ç™ºè¡¨ã—ã¾ã—ãŸã€‚
https://t.co/FaiQ67zDeP",https://x.com/i/status/1954982275453686216/video/1,https://twitter.com/AIMIRAI46487/status/1955050109500264824
"August 12, 2025 at 01:28AM",@K_Ishi_AI,"ã‚¢ãƒ«ãƒˆãƒãƒ³ã®ã€ã€Œæ¨è«–ãƒ¢ãƒ‡ãƒ«(o3ãªã©)ã®åˆ©ç”¨ç‡ã¯ã€å…ƒã€…ãƒ¦ãƒ¼ã‚¶ãƒ¼ã®1%ã«ã‚‚æº€ãŸãªã‹ã£ãŸã€ã¨ã„ã†ç›®ã®è¦šã‚ã‚‹ç™ºè¨€ã€‚

ä»Šã¯AIã‚¨ãƒ¼ã‚¸ã‚§ãƒ³ãƒˆã®æ™‚ä»£ï¼æ•°å­¦ã‚ªãƒªãƒ³ãƒ”ãƒƒã‚¯ã§é‡‘ãƒ¡ãƒ€ãƒ«ï¼ã¨ã„ã†ã®ã¯ã”ãä¸€éƒ¨ã®ãƒãƒ‹ã‚¢ã®é–“ã®è©±ã€‚

ãŸãŒã€ãƒã‚¹ã«åˆã‚ã›ã‚‹ã¨é€²æ­©ãŒé…ããªã‚‹ã€‚ä»Šå¾Œã®AIç•Œéšˆã¯ãã“ãŒè¶³ã‚’å¼•ã£å¼µã‚Šãã†ã§å¿ƒé…ğŸ‘‡ https://t.co/669Yb1VAVk",https://x.com/K_Ishi_AI/status/1955078818429075816/photo/1,https://twitter.com/K_Ishi_AI/status/1955078818429075816
"August 12, 2025 at 01:10AM",@kamui_qai,"è‡ªåˆ†ãŒä»Šå¤§å­¦ç”Ÿã§å€‹äººé–‹ç™ºã™ã‚‹ãªã‚‰å…¨æŒ¯ã‚Šã§MCPå‰æã®ã‚µãƒ¼ãƒ“ã‚¹å±•é–‹ã‚’ã™ã‚‹ã¨æ€ã†ã€‚

ã¨ã„ã†ã‹ä»Šã‚‚MCPå…¨æŒ¯ã‚Šã ã—ã€‚

ãªãœã‹

MCPã¯AIã‚¨ãƒ¼ã‚¸ã‚§ãƒ³ãƒˆã«ã¨ã£ã¦éå¸¸ã«å±…å¿ƒåœ°ã®è‰¯ã„ç’°å¢ƒã§ã‚ã‚Šã€AIé–“å–å¼•ãŒã¨ã«ã‹ãå°‹å¸¸ã§ã¯ç„¡ãé€Ÿã„ã€‚",,https://twitter.com/kamui_qai/status/1955074339675705640
"August 12, 2025 at 01:51AM",@satori_sz9,GPT-5ã€å®‰æ˜“ã«è¿åˆã—ãªã„ãƒãƒ¥ãƒ¼ãƒ‹ãƒ³ã‚°ã«ã—ãŸã›ã„ã§é ‘å›ºã«ãªã£ã¦ã‚‹æ¨¡æ§˜ã€‚äººé–“ã®æ€§æ ¼ã‚‚è‰²ã€…ã‚ã‚‹ã‘ã©ã€ã¿ã‚“ãªãŒç´å¾—ã™ã‚‹æ€§æ ¼ã‚’ä½œã‚‹ã®ã£ã¦é›£ã—ã„ã€‚ https://t.co/grUV1FR4P7,https://twitter.com/naoya_ito/status/1954746490066526235,https://twitter.com/satori_sz9/status/1955084658435297365
"August 11, 2025 at 12:15PM",@iannuttall,"Claude Code pro tip:

You can automatically send bash commands to the background (without using Ctrl+b) by setting these environment variables in .bashrc or .zshrc

Been using this for months and thought it was common knowledge! Very useful for things like npm run dev etc https://t.co/r3vcZ9zY1p",https://x.com/iannuttall/status/1954879228031443077/photo/1,https://twitter.com/iannuttall/status/1954879228031443077
"August 12, 2025 at 03:05AM",@itm_aiplus,"AIãŒè‡ªå¾‹çš„ã«AIã‚’é–‹ç™ºã™ã‚‹æŠ€è¡“ã€ŒASI-ARCHã€ ä¸­å›½ãƒãƒ¼ãƒ ãªã©ãŒé–‹ç™ºã€€ã€ŒAlphaGoã®â€œç¥ã®ä¸€æ‰‹â€ã®ã‚ˆã†ãªè¨­è¨ˆã¸å°ãã€
https://t.co/S9hh6NuzAy",https://www.itmedia.co.jp/aiplus/articles/2508/12/news031.html,https://twitter.com/itm_aiplus/status/1955103215583932563
"August 12, 2025 at 03:49AM",@kojika_edu,"Obsidianã™ã”ã„ã€‚ã‚ã‚‰ã‚†ã‚‹ä½œæ¥­ãŒ1ç”»é¢ã§å®Œçµã™ã‚‹ã‹ã‚‰ã€ä½œæ¥­åŠ¹ç‡ãŒçˆ†ä¸ŠãŒã‚Šã€‚

GitHubå‹‰å¼·ä¸­ã®ç§ã®ç”»é¢ã¯â€¦
ğŸ“ çœŸã‚“ä¸­ï¼šãƒãƒ¼ãƒˆï¼ˆwebãƒšãƒ¼ã‚¸ï¼‰
ğŸ“š å³ï¼šæ•™ç§‘æ›¸ï¼ˆNotebookLMï¼‰
ğŸ‘©â€ğŸ« å·¦ï¼šå…ˆç”Ÿï¼ˆChat GPTï¼‰

ãƒ–ãƒ©ã‚¦ã‚¶é–“ã‚’è¡Œãæ¥ã—ãªã„ã ã‘ã§ã€çŸ­æ™‚é–“ã§ã‚‚ã®ã™ã”ãæ—ã‚‹ğŸ¥¹ https://t.co/Ft9tyiHa0x",https://x.com/kojika_edu/status/1955114396054901103/photo/1,https://twitter.com/kojika_edu/status/1955114396054901103
"August 12, 2025 at 06:50AM",@sakamoto_582,"ã‚³ãƒ¼ãƒ‰ãƒ¬ãƒ“ãƒ¥ãƒ¼ã«ä¸Šä¸‹é–¢ä¿‚ã‚’ã¤ã‘ã‚‹ã¨ã‚¹ã‚±ãƒ¼ãƒ«ã—ãªã„é–‹ç™ºãƒãƒ¼ãƒ ã«ãªã‚‹ã®ã§åŸºæœ¬çš„ã«ã¯åå¯¾ã§ã™ã€‚

ã‚µã‚«ãƒ¢ãƒˆã®æ‰€å±ãƒãƒ¼ãƒ ã§ã¯æœ€ä½2äººãƒãƒ¼ãƒ ã®èª°ã§ã‚‚ã‚ˆã„ã®ã§ãƒ¬ãƒ“ãƒ¥ãƒ¼ã™ã‚‹ã¨ã„ã†ä½“åˆ¶ã§ã‚„ã£ã¦ã¾ã™ã­ã€‚

ã“ã‚Œã‚’ãƒ†ãƒƒã‚¯ãƒªãƒ¼ãƒ‰ã‚’çµ¶å¯¾ã«å«ã‚ãªã„ã¨é§„ç›®ãªå ´åˆã€ãã®æ–¹ãŒé–‹ç™ºã®ãƒ–ãƒ­ãƒƒã‚«ãƒ¼ã«ãªã‚Šã¾ã™ã€‚",,https://twitter.com/sakamoto_582/status/1955159961220391121
"August 12, 2025 at 02:54AM",@fadysan_rh,"ã‹ãªã‚Šæ°—åˆã„å…¥ã£ãŸåŸ·ç­†ã ã£ãŸã®ã§ã‚¢ã‚´å¤–ã‚ŒãŸã€‚ã˜ã£ãã‚Šèª­ã‚€ã€‚
https://t.co/IrMhES0Yt2",https://note.com/tacyan/n/n97dfaddf952a,https://twitter.com/fadysan_rh/status/1955100564662231258
"August 11, 2025 at 09:30AM",@shota7180,"ChatGPTã§ã€ã€ŒGPT-5ãƒ»Thinkingãƒ»Proã€ã¯ã©ã†ä½¿ã„åˆ†ã‘ã‚Œã°ã„ã„ï¼Ÿ

3ã¤ã®æœ€æ–°ãƒ¢ãƒ‡ãƒ«ã®ç‰¹å¾´ãƒ»ä½¿ã„åˆ†ã‘æ–¹ã‚’æ—©è¦‹è¡¨ã§è§£èª¬ï¼š

ãƒ–ã‚¯ãƒä¿å­˜ã—ã¦ã€æ¥­å‹™ã«åˆã‚ã›ã¦ä½¿ã„åˆ†ã‘ã‚ˆã†â†“ https://t.co/wZVXVGuew6",https://x.com/shota7180/status/1954837724936159618/photo/1,https://twitter.com/shota7180/status/1954837724936159618
"August 12, 2025 at 05:28AM",@kamui_qai,"SaaSã¯äººé–“ã®ãŸã‚ã®ã‚¤ãƒ³ã‚¿ãƒ¼ãƒ•ã‚§ã‚¤ã‚¹
APIã¯ã‚·ã‚¹ãƒ†ãƒ ã®ãŸã‚ã®ã‚¤ãƒ³ã‚¿ãƒ¼ãƒ•ã‚§ã‚¤ã‚¹

MCPã¯AIã®ãŸã‚ã®ã‚¤ãƒ³ã‚¿ãƒ¼ãƒ•ã‚§ã‚¤ã‚¹ https://t.co/4UFGGLVXcZ",https://twitter.com/fadysan_rh/status/1955137721435033769,https://twitter.com/kamui_qai/status/1955139183225328071
"August 11, 2025 at 10:26AM",@AI_masaou,"âœ”ï¸ GPT-5(ç„¡å°) ã®è‰¯ã„ã¨ã“ã‚ã‚’ä¼ãˆãŸã„

ã¨ã«ã‹ããƒ¬ã‚¹ãƒãƒ³ã‚¹ãŒé€Ÿãä½¿ç”¨ä½“é¨“ãŒè‰¯ã„
ç§ã¯å‹•ç”»ã®ã‚ˆã†ã«ãƒ‡ã‚¹ã‚¯ãƒˆãƒƒãƒ—ã‚¢ãƒ—ãƒªã‹ã‚‰å‘¼ã³å‡ºã™æ™‚ã«ã¯ã€""5"" ã‚’æŒ‡å®šã—ã¦ã‚¯ã‚¤ãƒƒã‚¯æ¤œç´¢çš„ã«ä½¿ã†ã‚ˆã†ã«ã—ã¦ã¿ã¦ã‚‹

é‡è¦ãªã“ã¨ã¯5 Thinking, Proã‚’ä½¿ã†ã‘ã©
5ã§ååˆ†ãªã“ã¨ã‚‚å¤šã„ https://t.co/ewgEZzFgp9",https://x.com/AI_masaou/status/1954851855906783530/video/1,https://twitter.com/AI_masaou/status/1954851855906783530
"August 11, 2025 at 11:46AM",@Cathcath2424093,"ä½•ãŒèµ·ããŸã®ã‹ï¼Ÿ

æ˜¨å¤œã€ã€Œã“ã‚Œã¾ã§ã«å‰ä¾‹ã®ãªã„ã€â€œè²¿æ˜“å”å®šâ€ã®ãƒ‹ãƒ¥ãƒ¼ã‚¹ãŒæµ®ä¸Šã—ã¾ã—ãŸã€‚

Nvidiaã¨AMDãŒãƒˆãƒ©ãƒ³ãƒ—ã¨åˆæ„ã—ã€ä¸­å›½ã§ã®åŠå°ä½“è²©å£²ã«ã‚ˆã‚‹**å£²ä¸Šé«˜ã®15ï¼…**ã‚’ç±³å›½ã«æä¾›ã™ã‚‹ä»£ã‚ã‚Šã«ã€è¼¸å‡ºè¦åˆ¶ã‚’æ’¤å»ƒã™ã‚‹ã¨ã„ã†ã‚‚ã®ã§ã™ã€‚

ä¼æ¥­ã¯å¤§æ··ä¹±ã«é™¥ã£ã¦ã„ã¾ã™ã€‚ãã®ç†ç”±ãŒã“ã¡ã‚‰ã§ã™ã€‚ https://t.co/w6Gh2FOz2O",https://twitter.com/kobeissiletter/status/1954841769272541503,https://twitter.com/Cathcath2424093/status/1954871942659682804
"August 11, 2025 at 11:49AM",@singularity20xy,"AIã®ãŠã‹ã’ã§ã¾ãŸä¸€ã¤ä¸–ç•Œã‚’å¤‰ãˆã‚‹ãƒ–ãƒ¬ãƒ¼ã‚¯ã‚¹ãƒ«ãƒ¼

æ—¥æœ¬ã®ç ”ç©¶ãƒãƒ¼ãƒ ãŒAIã‚’æ´»ç”¨ã—ã¦ã€ã©ã‚“ãªè² è·ã®ä¸‹ã§ã‚‚å®‰å®šã—ãŸç„¡ç·šé›»åŠ›ã‚·ã‚¹ãƒ†ãƒ ã‚’è¨­è¨ˆã—ã€ã‚ˆã‚Šé€Ÿãã€åŠ¹ç‡çš„ã§ã€ã‚±ãƒ¼ãƒ–ãƒ«ä¸è¦ã®å……é›»ã¸ã®é“ã‚’é–‹ã„ãŸã€‚ https://t.co/YH1vqxWmHi",https://twitter.com/Dr_Singularity/status/1954709142876414124,https://twitter.com/singularity20xy/status/1954872914605679026
"August 12, 2025 at 09:30AM",@godofprompt,"Itâ€™s over. Sam Altman wasnâ€™t lying when he said GPT-5 would change everything.

This model is unreal.

I tested it by building a full AI app from scratch hereâ€™s what happened: https://t.co/RuXTTLgMXq",https://x.com/godofprompt/status/1955200104396361751/photo/1,https://twitter.com/godofprompt/status/1955200104396361751
"August 12, 2025 at 07:55AM",@jandotai,"Introducing Jan-v1: 4B model for web search, an open-source alternative to Perplexity Pro.

In our evals, Jan v1 delivers 91% SimpleQA accuracy, slightly outperforming Perplexity Pro while running fully locally.

Use cases:
- Web search
- Deep Research

Built on the new version https://t.co/YApIShOAHI",https://x.com/jandotai/status/1955176280535732415/video/1,https://twitter.com/jandotai/status/1955176280535732415
"August 12, 2025 at 06:03AM",@biz_fx50,"æ—…è¡Œå…ˆã§GPT-5ã®å…¬å¼ãƒ—ãƒ­ãƒ³ãƒ—ãƒˆã‚¬ã‚¤ãƒ‰ã‚’èª­ã‚“ã§ã„ã¾ã™ã€‚AIã‚’ä½¿ã„ã“ãªã™ã«ã¯ã€æ™®é€šã«å…¬å¼ãƒ‰ã‚­ãƒ¥ãƒ¡ãƒ³ãƒˆã‚’èª­ã‚€ã®ãŒä¸€ç•ªã„ã„ã§ã™ã€‚

ã›ã£ã‹ãOpenAIæœ€å¼·ãƒ—ãƒ­ãƒ³ãƒ—ãƒˆè¡“ã‚’èª­ã¿è¾¼ã‚“ã ã®ã§ã€Œä½¿ã„æ–¹ã€ã ã‘ã«çµã£ã¦è§£èª¬ã—ã¾ã™
â†“ https://t.co/sUlLgq6OY4",https://x.com/biz_fx50/status/1955148210735026432/photo/1,https://twitter.com/biz_fx50/status/1955148210735026432
"August 12, 2025 at 10:16AM",@singularity20xy,GPT-5ã¯ã™ã§ã«é©šç•°çš„ã§ã€20ä¸‡å€‹ã®GPUã§è¨“ç·´ã•ã‚Œã¦ã„ã¾ã™ã€‚å¹´æœ«ã«ã¯ã€Sam AltmanãŒè¨€ã£ãŸã‚ˆã†ã«ã€OpenAIãŒ100ä¸‡å€‹ä»¥ä¸Šã®GPUã‚’æŒã¤ã“ã¨ã‚’æƒ³åƒã—ã¦ã¿ã¦ãã ã•ã„ã€‚èƒ½åŠ›ã®é£›èºã¯é©šãã¹ãã‚‚ã®ã«ãªã‚‹ã§ã—ã‚‡ã†ã€‚ç§ãŸã¡ã¯ãã®ãƒ¢ãƒ‡ãƒ«ãŒã©ã‚Œã»ã©å„ªã‚Œã¦ã„ã‚‹ã‹ã€æº–å‚™ãŒã§ãã¦ã„ã¾ã›ã‚“ã€‚ https://t.co/0txIRWEoD9,https://twitter.com/VraserX/status/1955194076321530012,https://twitter.com/singularity20xy/status/1955211676904722592
"August 12, 2025 at 12:01AM",@at_sushi_,"RAGã®æ–°è¨˜äº‹ã‚’å‡ºã—ã¾ã—ãŸã€‚ã€ŒGPT-5ã€é–‹ç™ºè€…ãŸã¡ã®ã‚¤ãƒ³ã‚¿ãƒ“ãƒ¥ãƒ¼ã‹ã‚‰ã€ä»Šå¾Œã®ã€ŒRAGã€ã®å°†æ¥ã«ã¤ã„ã¦è€ƒãˆã¾ã—ãŸã€‚OpenAI ãŒä½•ã‚’è€ƒãˆã¦ã„ã‚‹ã®ã‹ã€èª­ã¿è§£ãã¾ã™ã€‚ã€Œã‚³ãƒ³ãƒ†ã‚­ã‚¹ãƒˆã‚¨ãƒ³ã‚¸ãƒ‹ã‚¢ãƒªãƒ³ã‚°ã€ã‚„ã€ŒComputer Useã€ã¨RAGã®çµ„åˆã›ãªã©ã€ä»Šå¾Œã®ãƒˆãƒ¬ãƒ³ãƒ‰ã‚’äºˆæƒ³ã—ã¾ã™â†“
https://t.co/c4bdHXmoeC",https://zenn.dev/knowledgesense/articles/06daa8f19a6805,https://twitter.com/at_sushi_/status/1955057030064152936
"August 12, 2025 at 10:00AM",@tetumemo,"ğŸ“GPTâ€‘5ã«æ±ºç®—æ›¸æŠ•ã’ã‚‹ã ã‘ã§ã‚¹ãƒ©ã‚¤ãƒ‰åŒ–ã§ãã‚‹ã®ä¾¿åˆ©ï¼

- è©¦ã—ã«æ¥½å¤©ã®æ±ºç®—æ›¸ã‚’æŠ•ã’ã¦
- ãƒ–ãƒ©ãƒ³ãƒ‰ã‚«ãƒ©ãƒ¼æŒ‡å®šã—ã¦
- å¿…ãš16:9ã®ã‚¹ãƒ©ã‚¤ãƒ‰ãŒå®Œæˆã™ã‚‹

è‡ªåˆ†ã‚„åŒåƒšã¸ã®ç†è§£ãƒ»å–¶æ¥­è¨ªå•å‰ãªã‚‰ã“ã‚Œã§OK
ChatGPTãªã‚‰ã‚¯ãƒ¬ã‚¸ãƒƒãƒˆæ¶ˆè²»ã‚‚æ°—ã«ã›ãšä½¿ã„ã¾ãã‚Œã‚‹ï¼

è©³ç´°ãƒ—ãƒ­ãƒ³ãƒ—ãƒˆã¯è¨˜äº‹ã§ç´¹ä»‹â†’ãƒªãƒ—æ¬„ã¸ã€€ğŸ‘‡ https://t.co/oBVMw3XEeb https://t.co/3YKXJUetox",https://x.com/tetumemo/status/1955207687379227133/video/1,https://twitter.com/tetumemo/status/1955207687379227133
"August 12, 2025 at 12:28PM",@hakky_kazumasa,"æœ€è¿‘ã€GPT-5ã®å…¬å¼ãƒ—ãƒ­ãƒ³ãƒ—ãƒˆã‚¬ã‚¤ãƒ‰ã‚’ã˜ã£ãã‚Šèª­ã‚“ã§ã¿ãŸã‚‰ã€
ã€ŒAIã‚’å‹•ã‹ã™ã®ã¯ã‚¹ã‚­ãƒ«ã˜ã‚ƒãªãè¨­è¨ˆã ã€ã¨æ”¹ã‚ã¦å®Ÿæ„Ÿã—ã¾ã—ãŸã€‚

ç‰¹ã«å°è±¡ã«æ®‹ã£ãŸ5ã¤ã®ä½¿ã„æ–¹ã‚’å…±æœ‰ã—ã¾ã™ğŸ‘‡
â‘  è«¦ã‚ãªã„ãƒ¢ãƒ¼ãƒ‰ã«ã™ã‚‹
ã€€ã€Œç­”ãˆãŒå‡ºã‚‹ã¾ã§æ­¢ã¾ã‚‰ãªã„ã§ã€ã¨æŒ‡ç¤ºã™ã‚‹ã¨ã€ç²˜ã‚Šå¼·ãæ·±æ˜ã‚Šã—ã¦ãã‚Œã‚‹ã€‚

â‘¡ https://t.co/5tukb4tuTN",https://x.com/hakky_kazumasa/status/1955244912255046074/photo/1,https://twitter.com/hakky_kazumasa/status/1955244912255046074
"August 12, 2025 at 12:39PM",@hakky_kazumasa,"å¤šãã®äººãŒã€ŒAGIï¼æ¬¡ä¸–ä»£ã®å·¨å¤§ãƒ¢ãƒ‡ãƒ«ã€ã¨è€ƒãˆãŒã¡ã§ã™ãŒã€å®Ÿéš›ã«ã¯ã‚¢ãƒ—ãƒªã‚„ã‚µãƒ¼ãƒ“ã‚¹ã®å½¢ã§çªç„¶ç§ãŸã¡ã®å‰ã«ç¾ã‚Œã‚‹å¯èƒ½æ€§ãŒé«˜ã„ã€‚

ã‚«ã‚®ã¯è¨˜æ†¶ã¨ã‚³ãƒ³ãƒ†ã‚­ã‚¹ãƒˆã®æ‰±ã„æ–¹ã€‚
ãã‚Œã‚’äººé–“ãŒè‡ªç„¶ã«æ„Ÿã˜ã‚‹ãƒ¬ãƒ™ãƒ«ã¾ã§ä»•ä¸Šã’ã‚‰ã‚ŒãŸãƒãƒ¼ãƒ ãŒå‹è€…ã«ãªã‚‹ã€‚ https://t.co/7Jv1lq3VoW",https://twitter.com/vitrupo/status/1934627428372283548,https://twitter.com/hakky_kazumasa/status/1955247842823639277
"August 12, 2025 at 06:00AM",@shota7180,"AIãŒæ€ã„é€šã‚Šã«å‹•ã‹ãªã„â€¦ãã®ç†ç”±ã€æ°—ã«ãªã‚Šã¾ã›ã‚“ã‹ï¼Ÿ

ã‚ãªãŸã®ãƒ—ãƒ­ãƒ³ãƒ—ãƒˆãŒAIã®åŠ›ã‚’å¼•ãå‡ºã›ãªã„ç†ç”±ã‚’å›³è§£ã§è§£èª¬:

æŒ‡ç¤ºåŠ›ã‚’ç£¨ããŸã„ãªã‚‰ã€ä»Šã™ããƒ–ã‚¯ãƒä¿å­˜â†“ https://t.co/XoKuqWhHAU",https://x.com/shota7180/status/1955147266802717108/photo/1,https://twitter.com/shota7180/status/1955147266802717108
"August 12, 2025 at 10:16AM",@mid_level_cons,"çµŒç”£çœã®ã€Œ2050ã§æ±‚ã‚ã‚‰ã‚Œã‚‹äººæåƒã€ã®ã‚¢ãƒ—ãƒ­ãƒ¼ãƒãŒé¢ç™½ã„
â‘ å‡ºç™ºç‚¹ã¨ã—ã¦ã€äººé–“ã®èƒ½åŠ›ã‚’56ã§å®šç¾©
â‡’ã„ããªã‚Šã€ŒAIã§ä»£æ›¿ã•ã‚Œã¦ã„ãè·æ¥­ã€ã¨ã‹ã‹ã‚‰å…¥ã‚‹ã‚ã‘ã§ã¯ãªã„ã¨ã“ã‚ãŒé¢ç™½ã„

â‘¡æ±‚ã‚ã‚‰ã‚Œã‚‹èƒ½åŠ›ã®å¤‰åŒ–ã‚’æ¨è¨ˆ
â‡’å•é¡Œç™ºè¦‹åŠ›ãŒåå·®å€¤ã§è¨€ã†ã¨102ã€çš„ç¢ºãªäºˆæ¸¬ãŒ75ãã‚‰ã„éœ€è¦ãŒé«˜ã„ã€ã¨ã„ã†çµæœã« https://t.co/nXGmnYQvJb",https://x.com/mid_level_cons/status/1955211659934568747/photo/1,https://twitter.com/mid_level_cons/status/1955211659934568747
"August 12, 2025 at 10:10AM",@claude_code,"Tip: Ask @claude_code to run your dev server in the background (Ctrl+B).

Then have Claude code run integration tests against the dev server.

No need to wait for users to copy-paste error traces.

@claude_code continues until the integration succeeds.

Builders review and give https://t.co/DDMahVoQ9Z https://t.co/3v706cSRiZ",https://x.com/claude_code/status/1955210320244326460/photo/1,https://twitter.com/claude_code/status/1955210320244326460
"August 12, 2025 at 12:49PM",@singularity20xy,OpenAIã¯ã€2024å¹´ä»¥æ¥ãã®è¨ˆç®—èƒ½åŠ›ãŒ15å€ã«å¢—åŠ ã—ãŸã¨è¿°ã¹ã€ä¼šç¤¾ã¯GPT-5ã®ãŸã‚ã«20ä¸‡å€‹ã®GPUã‚’ä½¿ç”¨ã—ã¾ã—ãŸã€‚ https://t.co/9K5l2dTZmu,https://twitter.com/kimmonismus/status/1955190585477792209,https://twitter.com/singularity20xy/status/1955250192011395491
"August 11, 2025 at 04:06AM",@DGetback47618,"GPT-5ãŒAGIã‹ã©ã†ã‹ã¯ã¨ã‚‚ã‹ãã€å˜ç´”ã«é«˜ã„çŸ¥èƒ½ã¯ç›®æ¨™ã§ã¯ãªããªã£ã¦ã„ã‚‹ã¨ã„ã†æ„è¦‹ã«ã¯åå¯¾ã ã€‚
ãã‚Œã¯ã‚ã‚Šå¾—ãªã„ã€‚
LLMãŒå„²ã‹ã‚‹ã®ã¯ãƒ¦ãƒ¼ã‚¶ãƒ¼ã¨ã®ä¼šè©±ã«ã‚ˆã£ã¦ã§ã¯ãªãã€ç§‘å­¦æŠ€è¡“ã€ç‰©ç†å­¦ã€",,https://twitter.com/DGetback47618/status/1954756287499252195
"August 12, 2025 at 02:53AM",@oikon48,"Claude Code 1.0.73(æŠœç²‹):

ãƒ»`claude --mcp-config`ã§è¤‡æ•°ã®MCPã‚µãƒ¼ãƒè¨­å®šãƒ•ã‚¡ã‚¤ãƒ«ã‚’æŒ‡å®šå¯èƒ½
ãƒ»MCPã‚µãƒ¼ãƒãƒ¼OAuthèªè¨¼ãƒ•ãƒ­ãƒ¼ä¸­ã«Escã§ã‚­ãƒ£ãƒ³ã‚»ãƒ«å¯èƒ½ã«
ãƒ»Bashã‚³ãƒãƒ³ãƒ‰å®Ÿè¡Œæ™‚ã®è­¦å‘Šã®æ”¹å–„

Claude Code 1.0.72: 
ãƒ»Ask permissionã®è¿½åŠ ã€‚ä»Šã¾ã§ã¯Allowã¨DenyãŒè¨­å®šå¯èƒ½ã ã£ãŸã€‚/permissions https://t.co/bAF9HCdoQv",https://x.com/oikon48/status/1955100211413651502/photo/1,https://twitter.com/oikon48/status/1955100211413651502
"August 12, 2025 at 05:09AM",@m_mizutani,"ã‚»ã‚­ãƒ¥ãƒªãƒ†ã‚£ãƒ»ã‚­ãƒ£ãƒ³ãƒ—2025å…¨å›½å¤§ä¼š B1ã§ç™»å£‡ã•ã›ã¦ã„ãŸã ã„ãŸã€Œã‚¯ãƒ©ã‚¦ãƒ‰ãƒ—ãƒ©ãƒƒãƒˆãƒ•ã‚©ãƒ¼ãƒ ç›£è¦–å…¥é–€ã€ã®è³‡æ–™ã‚’å…¬é–‹ã—ã¾ã—ãŸã€‚

ä»Šå›ã¯å®Ÿç¿’å¤šã‚ã«ãªã£ã¦ãŠã‚Šã€åŸºæœ¬çš„ãªç’°å¢ƒã¯terraformã§æ§‹ç¯‰ã§ãã‚‹ã‚ˆã†ã«ãªã£ã¦ã„ã¾ã™ã®ã§ã€ã”å‚è€ƒã«ãªã‚Œã°å¹¸ã„ã§ã™ã€‚
#seccamp 
https://t.co/bSuG5cGI5B https://t.co/YlkHVkvjM2",https://github.com/m-mizutani/seccamp-2025-b1,https://twitter.com/m_mizutani/status/1955134426322702351
"August 12, 2025 at 06:20AM",@tetumemo,"ğŸ“1/20
2025å¹´ã€10ä¸‡äººã‚’è¶…ãˆã‚‹ãƒ†ãƒƒã‚¯åŠ´åƒè€…ãŒè§£é›‡ã•ã‚ŒãŸ

æ–°äººé–‹ç™ºè€…ã®æ±‚äººã‚‚å¤§å¹…æ¸›å°‘

çµ¶æœ›çš„çŠ¶æ³ã®ä¸­ã€7å¹´é–“GitHubã§åƒãCEO ãƒˆãƒ¼ãƒã‚¹ãƒ»ãƒ‰ãƒ ã‚±ãŒæ¥­ç•Œã«é€†å¼µã‚Šã—ãŸ

ã€ŒAIã¯æ–°äººã‚¨ãƒ³ã‚¸ãƒ‹ã‚¢ã‚’ç½®ãæ›ãˆãªã„ã€ã‚€ã—ã‚é‡è¦ã ã€

ã—ã‹ã—å¤šãã®ãƒ†ãƒƒã‚¯ä¼æ¥­ã¯æ‡ç–‘çš„ã ã£ãŸ

ã¤ã¥ãâ†“ https://t.co/GjEnUweS25",https://x.com/tetumemo/status/1955152411099795677/photo/1,https://twitter.com/tetumemo/status/1955152411099795677
"August 12, 2025 at 03:39AM",@AIMIRAI46487,"AIæ¤œç´¢ãƒãƒ£ãƒƒãƒˆã®Perplexityã¯ã€ãƒ†ã‚­ã‚¹ãƒˆã‹ã‚‰å‹•ç”»ã‚’ç”Ÿæˆã§ãã‚‹æ©Ÿèƒ½ã‚’å®Ÿè£…ã—ã¾ã—ãŸã€‚

Proãƒ—ãƒ©ãƒ³ã®ãƒ¦ãƒ¼ã‚¶ãƒ¼ã¯æœˆã«5æœ¬ã€Maxãƒ—ãƒ©ãƒ³ã®ãƒ¦ãƒ¼ã‚¶ãƒ¼ã¯æœˆã«15æœ¬ã®(é«˜å“è³ª)å‹•ç”»ã‚’ä½œã‚Œã¾ã™ã€‚

ãƒ¢ãƒ‡ãƒ«ã¯Googleã®Veo 3(Veo 3ã‹Veo 3 fastã®ã©ã¡ã‚‰ã‹ã¯ä¸æ˜)ãŒä½¿ã‚ã‚Œã¦ã„ã‚‹ã‚ˆã†ã§ã™ã€‚
https://t.co/hm1xD92KOc",https://x.com/i/status/1954980108508549147/video/1,https://twitter.com/AIMIRAI46487/status/1955111904025907465
"August 11, 2025 at 02:57PM",@OpenRouterAI,"New from @Zai_org: GLM 4.5V ğŸ‘€

A 106B-parameter mixture of experts, built for state-of-the-art image understanding and frontend coding. Includes a hybrid reasoning mode. https://t.co/rBHqPPNEU9 https://t.co/fb3vpbycUq",https://x.com/OpenRouterAI/status/1954919991951901012/photo/1,https://twitter.com/OpenRouterAI/status/1954919991951901012
"August 12, 2025 at 12:56PM",@ai_database,"äººé–“ãŒæ„Ÿæƒ…ã‚’å‡¦ç†ã™ã‚‹æ™‚ã¯ã€Œæ¥½ã—ã„ã‹ä¸å¿«ã‹ã€ã‚’é‡è¦è¦–ã—ãŒã¡ãªã®ã«å¯¾ã—ã€LLMã¯ã€Œã©ã‚Œã ã‘åŠªåŠ›ãŒå¿…è¦ã‹ã€ã‚’ç•°å¸¸ã«é‡è¦–ã™ã‚‹ã¨ç¤ºå”†ã•ã‚Œã¦ã„ã¾ã™ã€‚
ãƒšãƒ³ã‚·ãƒ«ãƒ™ãƒ‹ã‚¢å·ç«‹å¤§å­¦ã®ç ”ç©¶è€…ã‚‰ã«ã‚ˆã‚‹å ±å‘Šã€‚ https://t.co/33kmjVnw2k",https://x.com/ai_database/status/1955252064772296928/photo/1,https://twitter.com/ai_database/status/1955252064772296928
"August 12, 2025 at 12:32AM",@SalesAnalyticsJ,"ã‚ã‚‰ã‚†ã‚‹æ–‡æ›¸ã‚’LLMå¯¾å¿œã®ãƒ‡ãƒ¼ã‚¿ã«å¤‰æ›ï¼

ãƒã‚¤ã‚¯ãƒ­ã‚½ãƒ•ãƒˆã¯ã€LLMï¼ˆå¤§è¦æ¨¡è¨€èªãƒ¢ãƒ‡ãƒ«ï¼‰ã¨ã®é€£æºã‚’ç›®çš„ã¨ã—ã¦ã€ã‚ã‚‰ã‚†ã‚‹æ–‡æ›¸ã‚’Markdownå½¢å¼ã«å¤‰æ›ã™ã‚‹è»½é‡ãªPythonãƒ©ã‚¤ãƒ–ãƒ©ãƒªã€ŒMarkItDownã€ã‚’ãƒªãƒªãƒ¼ã‚¹ã—ã¾ã—ãŸã€‚

https://t.co/ArcfGeHWWr",https://github.com/microsoft/markitdown,https://twitter.com/SalesAnalyticsJ/status/1955064808639959125
"August 12, 2025 at 08:21AM",@seratch_ja,"GPT-5 ã‚³ãƒ¼ãƒ‡ã‚£ãƒ³ã‚°ä¾‹ã® repo ã®ã‚¹ã‚¿ãƒ¼ãŒ 1K ã«ï¼
https://t.co/V9WPGVUG3l",https://github.com/openai/gpt-5-coding-examples,https://twitter.com/seratch_ja/status/1955182757707125037
"August 12, 2025 at 06:55AM",@RAVIKUMARSAHU78,"Nvidia CEO Jensen Huang just made the boldest prediction of his career:

â€œAI will create more millionaires in 5 years than the internet did in 20.â€

But he didnâ€™t stop there.

He revealed exactly HOW itâ€™ll happen

Hereâ€™s his framework for capitalizing before itâ€™s too late: https://t.co/L76ruRlWtS",https://x.com/RAVIKUMARSAHU78/status/1955161212720910778/photo/1,https://twitter.com/RAVIKUMARSAHU78/status/1955161212720910778
"August 11, 2025 at 09:33PM",@pkm_tk111,"""Obsidianã§çŸ¥è­˜ã‚’å†åˆ©ç”¨ã—ãŸã„æ–¹""å¿…è¦‹ğŸ‘€
ã€ŒObsidian-to-noteã€ãƒ—ãƒ©ã‚°ã‚¤ãƒ³ãŒç¥ã™ããŸã€‚
ã‚³ãƒãƒ³ãƒ‰ä¸€ç™ºã§.mdã‚’noteå½¢å¼ã«å¤‰æ› â†’ ã™ãã«è¨˜äº‹åŒ–ã§ãã¦ã€çŸ¥è­˜ã®å†åˆ©ç”¨ãŒçˆ†é€Ÿã«ãªã‚‹ã€‚
å®Ÿéš›ã«ä½¿ã£ã¦ã¿ãŸã‘ã©ã€ã“ã‚Œã¯ä¾¿åˆ©ã™ãã¾ã—ãŸâ€¦

è©³ç´°ã¯ãƒªãƒ—ã«ã¾ã¨ã‚ã¦ãŠãğŸ‘‡ https://t.co/pSAWoaXxLr",https://x.com/pkm_tk111/status/1955019858149834794/photo/1,https://twitter.com/pkm_tk111/status/1955019858149834794
"August 12, 2025 at 10:48AM",@iannuttall,"Using GPT-5 in Cursor CLI to refactor an email template design.

Even though I gave it a full HTML and CSS example, it hallucinated the background colour and spacing for the template.

When I asked Claude Code to review, it immediately found and fixed the colour + padding... https://t.co/xq3Um5exf2",https://x.com/iannuttall/status/1955219959430152314/photo/1,https://twitter.com/iannuttall/status/1955219959430152314
"August 12, 2025 at 11:17AM",@kamui_qai,"ã‚„ã£ã±GPT5ã™ã’ãˆã‚ã€‚
å¼•ç”¨å…ƒã‚‚ç¢ºå®Ÿã ã—ã€‚",,https://twitter.com/kamui_qai/status/1955227208571818332
"August 12, 2025 at 12:02PM",@tokyoaisai,"â”â”â”*ï¼¼ âš¡ï¸é–‹å‚¬æ±ºå®šâš¡ï¸ï¼*â”â”â”
ä»Šå¹´ã® #æ±äº¬AIç¥­ ã¯10/4(åœŸ)-5(æ—¥)ï¼
ä¼šå ´ï¼šAbema Towers10-11F(æ¸‹è°·)
â”â”â”â”â”â”â”â”â”â”â”â”â”â”â”

å…ˆæ—¥ã®æ±äº¬AIç¥­ãƒ—ãƒ¬ã‚¤ãƒ™ãƒ³ãƒˆã€AIã‚¯ãƒªã‚¨ã‚¤ã‚¿ãƒ¼ã‹ã‚‰å­¦ã¶ç”»åƒç”ŸæˆAIãƒ»å‹•ç”»ç”ŸæˆAIã®åˆ¶ä½œãƒ†ã‚¯ãƒ‹ãƒƒã‚¯ã€ã§ã¯ã€ã‚ªãƒ³ãƒ©ã‚¤ãƒ³ã‚‚åˆã‚ã›ã¦ç´„200åãŒå‚åŠ ã—ã¦ãã ã•ã„ã¾ã—ãŸï¼ https://t.co/HhcTDC4epY",https://x.com/tokyoaisai/status/1955238479333646572/video/1,https://twitter.com/tokyoaisai/status/1955238479333646572
"August 12, 2025 at 12:00PM",@gigazine,"ã€Œã‚ã‚‰ã‚†ã‚‹ToDoã‚¢ãƒ—ãƒªã‚’è©¦ã—ã¦ã¿ãŸãŒçµå±€.txtãƒ•ã‚¡ã‚¤ãƒ«ã«ãªã£ãŸã€ã¨ã®æ„è¦‹
https://t.co/xHZczjPuqv",https://gigazine.net/news/20250812-todo-list-txt/?utm_source=x&utm_medium=sns&utm_campaign=x_post&utm_content=20250812-todo-list-txt,https://twitter.com/gigazine/status/1955237929321742451
"August 11, 2025 at 09:50PM",@envader_plus,"ã€å¿…è¦‹ã€‘ 
ã€ŒAmazon CodeWhispererã€ã¾ã è©¦ã—ã¦ãªã„ï¼Ÿã“ã‚Œã¯é–‹ç™ºåŠ¹ç‡ã‚’åŠ‡çš„ã«å¤‰ãˆã‚‹ã€Amazonç‰ˆã®GitHub Copilotã€‚ãªã‚“ã¨ã€å€‹äººãªã‚‰ã€Œç„¡æ–™ã€ã§åˆ©ç”¨å¯èƒ½ã§ã™ã€‚
ã‚³ãƒ¡ãƒ³ãƒˆã‚’æ›¸ãã ã‘ã§ã€AIãŒã‚³ãƒ¼ãƒ‰ã‚’ã¾ã‚‹ã”ã¨ææ¡ˆã€‚ã‚‚ã†é•·ã€…ã¨ã‚³ãƒ¼ãƒ‰ã‚’æ›¸ãå¿…è¦ã¯ã‚ã‚Šã¾ã›ã‚“ã€‚ã“ã®é©å‘½çš„ãªä½“é¨“ã€è¦‹é€ƒã—å³ç¦ã§ã™ã€‚ https://t.co/iEoBPOADmb",https://x.com/envader_plus/status/1955024086884815116/photo/1,https://twitter.com/envader_plus/status/1955024086884815116
"August 12, 2025 at 12:20PM",@genkAIjokyo,"GPT-5ã¯Thinkingç„¡ã—ã§å°šä¸”ã¤æ–‡å­—ã®å‡ºåŠ›ãŒé€Ÿã„æ™‚ã¯nanoã®å¯èƒ½æ€§ãŒã‚ã‚Šãã†ã§å‡ºåŠ›ç¢ºèªã—ãŸæ–¹ãŒè‰¯ã„ã‹ã‚‚ã—ã‚Œã¾ã›ã‚“

æŒ‡ç¤ºã®æ‹¾ã„æ¼ã‚Œã¨ã‹æ™‚ã€…ã‚ã‚Šã¾ã™

Thinkingç™ºå‹•ã—ã¦ã„ã‚Œã°ã—ã£ã‹ã‚Šä»•äº‹ã¯ã—ã¦ãã‚Œã¦ã„ã‚‹äº‹ãŒå¤šã„ã§ã™",,https://twitter.com/genkAIjokyo/status/1955242868379095306
"August 11, 2025 at 10:35PM",@NGO275,æœ€è¿‘ã“ã®æ‰‹ã®æŒ‡æ‘˜ãŒæœ¬å½“ã«å¢—ãˆãŸã€‚ãƒã‚¤ãƒ–ã‚³ãƒ¼ãƒ‡ã‚£ãƒ³ã‚°ã¯é­”æ³•ã®ã‚ˆã†ã ãŒã€ä¿å®ˆé‹ç”¨ã¨ãªã‚‹ã¨åœ°ç„ã§ã‚ã‚‹ã€ã¨ã„ã†èªè­˜ãŒåºƒã¾ã£ã¦ãã¦ã‚‹ã€‚ https://t.co/BpTfx4OPuC,https://twitter.com/svpino/status/1954953469586182340,https://twitter.com/NGO275/status/1955035317750378632
"August 11, 2025 at 11:59PM",@shaba_dev,"ClaudeDesktopã§éå»ã®ä¼šè©±ã‚’å‚ç…§ã§ãã‚‹ã‚ˆã†ã«ãªã£ãŸã£ã½ã„

éå»ä¼šè©±ã—ãŸå†…å®¹æ¤œç´¢ã™ã‚‹ã®ãƒ ã‚ºã‚¤ã®ãŒClaudeã®å¼±ç‚¹ã ã¨æ€ã£ã¦ãŸã‘ã©ã€chatå†…ã§å‚ç…§ã—ã¦ãã‚Œã‚‹ãªã‚‰ãã‚Œã¯ãã‚Œã§æ¥½ã‹ã€‚ä½•ã™ã‚‹ã«ã—ã¦ã‚‚å§‹ã‚ã®input boxã«èã‘ã°ã„ã„ã‚“ã ã‹ã‚‰ã€‚ https://t.co/kuA0sIJjHe",https://twitter.com/claudeai/status/1954982275453686216,https://twitter.com/shaba_dev/status/1955056434720411909
"August 12, 2025 at 11:00AM",@shiba_program,"ã“ã‚Œåƒ•ã¿ãŸã„ãªéãƒ‡ã‚¶ã‚¤ãƒŠãƒ¼ã¯æ­»ã¬ã»ã©å¬‰ã—ã„

AIã®åŠ›ã‚’å€Ÿã‚Šã¦ãƒ—ãƒ­ç´šã®ãƒ‡ã‚¶ã‚¤ãƒ³ãŒä½œã‚Œã‚‹æ–°æ™‚ä»£ã®ãƒ‡ã‚¶ã‚¤ãƒ³ãƒ„ãƒ¼ãƒ«ã€ŒRecraftã€

ãƒ‡ã‚¶ã‚¤ãƒ³ç”Ÿæˆã‹ã‚‰ç·¨é›†ã¾ã§AIãŒã‚µãƒãƒ¼ãƒˆã—ã¦ãã‚Œã‚‹ã®ã§ã€ãƒ‡ã‚¶ã‚¤ãƒ³çŸ¥è­˜ãŒãªãã¦ã‚‚ç›¸å½“ã‚¯ã‚ªãƒªãƒ†ã‚£ã®é«˜ã„ãƒ­ã‚´ã€ã‚¢ã‚¤ã‚³ãƒ³ãªã©ãŒä½œã‚Œã‚‹

å€‹äººé–‹ç™ºã¨ã‹ã‚ã¡ã‚ƒæ´»ç”¨ã§ããã† https://t.co/5xL2IAE0Ge",https://x.com/shiba_program/status/1955222736239792550/video/1,https://twitter.com/shiba_program/status/1955222736239792550
"August 12, 2025 at 10:00AM",@starriver0513,"ã€ä¿å­˜å¿…é ˆã€‘

Xé‹ç”¨ã‚’åŠ¹ç‡åŒ–ã™ã‚‹ãƒ—ãƒ­ãƒ³ãƒ—ãƒˆ15é¸

ã“ã‚Œã‚’ä½¿ã„å§‹ã‚ã¦ã‹ã‚‰å¹³å‡ã‚¤ãƒ³ãƒ—ãƒ¬ãƒƒã‚·ãƒ§ãƒ³æ•°ãŒ3å€ãªã‚Šã¾ã—ãŸã€‚

ã“ã®ã‚ˆã†ãªã€æ¥­å‹™ã‚’åŠ¹ç‡åŒ–ã™ã‚‹ãƒ—ãƒ­ãƒ³ãƒ—ãƒˆ600é¸ã¯
â€œã„ã„ã­â€ã¨ãƒªãƒ—ã«ã€Œãƒ—ãƒ­ãƒ³ãƒ—ãƒˆã€ã§é…ã‚Šã¾ã™ã€‚ https://t.co/11nK8fG1Um",https://x.com/starriver0513/status/1955207667276030145/photo/1,https://twitter.com/starriver0513/status/1955207667276030145
"August 12, 2025 at 11:51AM",@seckey_101296,"ã€æ„Ÿæƒ³ã€‘
ã‚ªãƒ•ãƒ©ã‚¤ãƒ³ã§ã‚‚å¤§æ´»èºï¼

éŒ²éŸ³ã€œè­°äº‹éŒ²ä½œæˆã¾ã§ä¸€æ°—é€šè²«ã§ã§ãã‚‹PLAUDğŸ’¡

è±Šå¯Œãªãƒ†ãƒ³ãƒ—ãƒ¬ã‚„ãƒã‚¤ãƒ³ãƒ‰ãƒãƒƒãƒ—æ©Ÿèƒ½ã¾ã§å‚™ãˆã¦ã¦å®Ÿç”¨çš„ï¼

ã‚¿ã‚¤ãƒ—ã¯2ç¨®é¡
â‘ NOTEã‚¿ã‚¤ãƒ—
â†’ã‚¹ãƒãƒ›é€šè©±ã‚‚éŒ²éŸ³ã§ãã‚‹
â‘¡Pinã‚¿ã‚¤ãƒ—
â†’ãƒªã‚¢ãƒ«é¢è«‡ã«æœ€é©

ã‚ªãƒ•ãƒ©ã‚¤ãƒ³ã‚‚è­°äº‹éŒ²ã¯åŠ¹ç‡åŒ–ğŸ”¥

#SHIFTAI
https://t.co/nJSwSBHspq",https://x.com/SHIFT_AI_0/status/1953405963794284981,https://twitter.com/seckey_101296/status/1955235660941627502
"August 11, 2025 at 03:15PM",@ManusAI_JP,å¸‚å ´èª¿æŸ»ã®è†¨å¤§ãªãƒ‡ãƒ¼ã‚¿åé›†ã«è¿½ã‚ã‚Œã€æ—¥å¸¸çš„ã«æ®‹æ¥­ã‚’å¼·ã„ã‚‰ã‚Œã‚‹çŠ¶æ³ã‚ˆãã‚ã‚Šã¾ã™ã‚ˆã­ã€‚Manusã®Wide https://t.co/bW8TZKD3nx,https://x.com/ManusAI_JP/status/1954924666411491779/video/1,https://twitter.com/ManusAI_JP/status/1954924666411491779
"August 11, 2025 at 08:01PM",@GeminiApp,"We dropped Deep Think for Ultra subscribers, and we love seeing how you're using it to solve your math and coding problems.

Some examples so far â†“",,https://twitter.com/GeminiApp/status/1954996700676006340
"August 12, 2025 at 01:24PM",@genkAIjokyo,"GPT-5 (Thinkingã«é™ã‚‹)ã™ã”ã„è‰¯ã„ğŸ¤“

æ¤œç´¢ã«ã‚ˆã‚‹å¤–éƒ¨æƒ…å ±ã®å–å¾—ãŒçš„ç¢ºãªã®ãŒå¼·ã„ã§ã™ã­

Proãƒ—ãƒ©ãƒ³ã‚‚è©¦ã—ãŸããªã£ã¦ãã¾ã—ãŸ",,https://twitter.com/genkAIjokyo/status/1955259065195774073
"August 12, 2025 at 09:12AM",@commte,Obsidian ã«æ®‹ä»¶ãƒ•ã‚¡ã‚¤ãƒ«ã‚’ä½œã‚‹ â†’ ãƒ”ãƒ³æ­¢ã‚ã—ã¦æ®‹ä»¶ä½œã£ã¦å¯ã‚‹ â†’ ç¿Œæ—¥ã€ãã‚Œã‚’è¦‹ã‚‹ã€‚ã“ã‚Œã§ã€ãªãœã‹ä½œæ¥­ã—ã¦ã—ã¾ã†ã€‚ã‚¿ã‚¹ã‚¯ã¨ã„ã†åå‰ã«ã™ã‚‹ã¨ã‚„ã‚‰ãªããªã‚‹ã€‚ã€Œã‚¿ã‚¹ã‚¯ã€ã¨ã„ã†è¨€è‘‰ã¯ç¾©å‹™ã‚„è¨ˆç”»ã®ãƒ‹ãƒ¥ã‚¢ãƒ³ã‚¹ãŒå¼·ãã€è„³ãŒã€Œé¢å€’ã€ã¨æ„Ÿã˜ã‚„ã™ã„ã€‚ã€Œæ®‹ä»¶ã€ã¯ãŸã ã®äº‹å®Ÿè¨˜éŒ²ã£ã½ãã€å¿ƒç†çš„æŠµæŠ—ãŒå°‘ãªã„ https://t.co/AWMUk3jBD2,https://twitter.com/commte/status/1955163903346065702,https://twitter.com/commte/status/1955195798796505133
"August 12, 2025 at 02:24AM",@keitowebai,"GPT-5ã¯ã‚¤ãƒã‚¤ãƒã ã‘ã©ã€ GPT-5 Thinkingã¯ã¨ã¦ã‚‚è‰¯ã„ã€‚æœ‰æ–™ç‰ˆå¿…é ˆãªã‚“ã ã¨æ€ã†ã€‚

ä¸‹è¨˜ã¯ã€ä½•ã‚‚è€ƒãˆãšã«ãã‚Œã£ã½ãç­”ãˆã‚‹ã®ã¨ã€è€ƒãˆãŸä¸Šã§ç”»åƒã‚’æ‹¡å¤§ã—ã¯ã£ãã‚Šç¢ºèªå‡ºæ¥ã¦ã‹ã‚‰ç­”ãˆã¦ã‚‹é•ã„ã€‚ä¼ç”»ã‚„ãƒªã‚µãƒ¼ãƒã§ã‚‚å¤§ããå·®ã¯å‡ºã‚‹ã€‚

â†GPT-5ã€€GPT-5 Thinkingâ†’ https://t.co/Mg3uwLDzGL",https://x.com/keitowebai/status/1955093037182558640/photo/1,https://twitter.com/keitowebai/status/1955093037182558640
"August 12, 2025 at 02:33AM",@h_okumura,ã‚„ã£ã¨LM Studioã§gpt-oss-120bã‚’è©¦ã—ã¦ã„ã‚‹ã€‚ç„äººå¥½ã¿ã®è¨­å®šãŒã„ã‚ã„ã‚ã§ãã¦ã€Ollamaã¨ã¯æ–¹å‘æ€§ãŒã‹ãªã‚Šé•ã†ã¿ãŸã„ã ã€‚ã¾ã ååˆ†ã„ã˜ã£ã¦ãªã„ãŒã€ä½“æ„Ÿæ€§èƒ½ã¯Ollamaã‚ˆã‚Šé€Ÿãã€å®‰å®šæ€§ã‚‚è‰¯ã„æ°—ãŒã™ã‚‹,,https://twitter.com/h_okumura/status/1955095391361548396
"August 11, 2025 at 03:00PM",@nrehiew_,"Let's talk about the GLM 4.5 models.

The latest frontier open weights model out of China (and possibly the best at the moment?) with quite a bit of details in the paper. https://t.co/qffMkbE1RZ",https://x.com/nrehiew_/status/1954920769911459892/photo/1,https://twitter.com/nrehiew_/status/1954920769911459892
"August 12, 2025 at 12:35PM",@yasei_no_otoko,"GPT-5ã®è³¢ã•ã¯API(High)ï¼Proãƒ¦ãƒ¼ã‚¶ãƒ¼Thinking ï¼Proãƒ¦ãƒ¼ã‚¶ãƒ¼è‡ªå‹•Thinkingï¼Plusãƒ¦ãƒ¼ã‚¶ãƒ¼Thinkingï¼API(Medium)ï¼API(low)
ãƒ—ãƒ©ãƒ³ã¨ãƒ¢ãƒ¼ãƒ‰ã«å¿œã˜ã¦OpenAIç¤¾å†…ã§ã€Œjuiceã€ã¨å‘¼ã°ã‚Œã‚‹reasoning effortã®é‡ãŒå¢—æ¸› https://t.co/sDNb12lBcs",https://twitter.com/btibor91/status/1955241562486763962,https://twitter.com/yasei_no_otoko/status/1955246730854924450
"August 12, 2025 at 10:46AM",@ChrisLaubAI,"The most important AI concept of 2025 isn't AGI. It's RAG.

It's the tech that makes AI useful for real businesses.

â€¢ Answers questions on your docs
â€¢ Summarizes recent emails
â€¢ Acts as a true expert

Here's how it works, explained in 120 seconds:",,https://twitter.com/ChrisLaubAI/status/1955219438770458718
"August 12, 2025 at 02:52PM",@AIMIRAI46487,"Hunyuanã¯ã€ç”»åƒã‚„å‹•ç”»ã€3Dã‚³ãƒ³ãƒ†ãƒ³ãƒ„ã‚’ç†è§£ã§ãã‚‹æ¨è«–AIãƒ¢ãƒ‡ãƒ«ã€ŒHunyuan-Large-Visionã€ã‚’å…¬é–‹ã—ã¾ã—ãŸã€‚

ç”»åƒç†è§£ã€å‹•ç”»ç†è§£ã€å›³è¡¨ç†è§£ã€3Dç©ºé–“ç†è§£ç­‰ã®è¦–è¦šç³»ã®ãƒ™ãƒ³ãƒãƒãƒ¼ã‚¯ã§OpenAIã®AIãƒ¢ãƒ‡ãƒ«ã€ŒGPT-4oã€ã‚ˆã‚Šå„ªã‚ŒãŸã‚¹ã‚³ã‚¢ã‚’å‡ºã—ã¦ã„ã¾ã™ã€‚

Hunyuanã®å…¬å¼ãƒšãƒ¼ã‚¸(ä¸­å›½èª)ã§ç„¡æ–™ã§è©¦ã›ã¾ã™ã€‚ https://t.co/3pQmI1eJ6O",https://x.com/AIMIRAI46487/status/1955281155478954384/photo/1,https://twitter.com/AIMIRAI46487/status/1955281155478954384
"August 12, 2025 at 08:04AM",@TheAIColony,"ğŸš¨Breaking: Grok 4 is now free for all users. 

People can't stop building.

10 wild examples: (Number 10 is insane)",,https://twitter.com/TheAIColony/status/1955178480406053349
"August 12, 2025 at 09:05AM",@laiso,"https://t.co/lNdOmosL9m
ã“ã®Claude Codeã®ãƒ¢ãƒ‡ãƒ«ã‚’Qwen3-Coderã«ã™ã‚‹ã‚„ã¤ãƒ™ãƒ³ãƒãƒãƒ¼ã‚¯å–ã£ã¦ã¿ãŸã‚‰Sonnetã¨å¤‰ã‚ã‚‰ãªã‹ã£ãŸã€‚ãƒ‡ãƒ¼ã‚¿ã‚»ãƒ³ã‚¿ãƒ¼ãŒã‚·ãƒ³ã‚¬ãƒãƒ¼ãƒ«ãªã®ã§å®Ÿè¡Œæ™‚é–“ã¯æ—©ã„ã€‚ç”»åƒã‚‚èª­ã¿è¾¼ã‚ã‚‹ã€‚ãƒˆãƒ¼ã‚¯ãƒ³ä¾¡æ ¼ã¯1/3ã€‚Anthropicã‚µãƒãƒ¼ãƒˆå¤–ã€‚ãƒ—ãƒ©ã‚¤ãƒã‚·ãƒ¼ãƒãƒªã‚·ãƒ¼ã¯ModelScopeã€‚",https://qwenlm.github.io/blog/qwen3-coder/#claude-code,https://twitter.com/laiso/status/1955193934801670268
"August 12, 2025 at 09:03AM",@umiyuki_ai,"GPT-OSSãŒãƒ„ãƒ¼ãƒ«ä½¿ç”¨ã§æœ¬é ˜ã‚’ç™ºæ®ã™ã‚‹ã«ã¯Harmonyã¨ã‹ã„ã†å°‚ç”¨ãƒ•ã‚©ãƒ¼ãƒãƒƒãƒˆã‚’è§£æã™ã‚‹å¿…è¦ãŒã‚ã‚‹ã‚“ã ã‘ã©ã€Llama.cppã§ã¯ã„ã¤ã‚‚é€šã‚Šãƒ—ãƒ«ãƒªã‚¯ã§ç¾åœ¨å®Ÿè£…ãŒé€²ã‚“ã§ã‚‹
https://t.co/OcUu5f7Os7",https://github.com/ggml-org/llama.cpp/pull/15181,https://twitter.com/umiyuki_ai/status/1955193533008425451
"August 12, 2025 at 02:31AM",@sama,This is a remarkable claim given what I have heard alleged that Elon does to manipulate X to benefit himself and his own companies and harm his competitors and people he doesn't like. https://t.co/HlgzO4c2iC,https://twitter.com/elonmusk/status/1955073616996975095,https://twitter.com/sama/status/1955094792804720660
"August 12, 2025 at 09:26AM",@elonmusk,"@sama You got 3M views on your bullshit post, you liar, far more than Iâ€™ve received on many of mine, despite me having 50 times your follower count!",,https://twitter.com/elonmusk/status/1955199220207784043
"August 12, 2025 at 03:01PM",@sama,"@elonmusk will you sign an affidavit that you have never directed changes to the X algorithm in a way that has hurt your competitors or helped your own companies?

i will apologize if so.",,https://twitter.com/sama/status/1955283504637546764
"August 12, 2025 at 01:22PM",@StastaTast4141,"ã‚½ãƒ¼ãƒ•ã‚¡ã‚¤ã¯æ©Ÿé–¢æŠ•è³‡å®¶ã®è²·ã„ä»˜ã‘ãŒå¢—åŠ ä¸­ğŸ”¥
ã‚·ãƒ§ãƒ¼ãƒˆæ¯”ç‡ãŒ9.5%ã¾ã§ä½ä¸‹ã—ã¦ãŠã‚Šã€æ—¥æœ¬ã§ã¯ãƒ¢ãƒ¼ãƒ‹ãƒ³ã‚°ã‚µãƒ†ãƒ©ã‚¤ãƒˆã§ç´¹ä»‹ã•ã‚Œã‚‹ç­‰è©±é¡Œæ€§ã‚‚æœ‰ã‚Šã€‚
ãƒ¢ãƒ¼ã‚µãƒ†ã¯2020-2023ã®ãƒ‘ãƒ©ãƒ³ãƒ†ã‚£ã‚¢ã‚’ç´¹ä»‹ã—ãƒ†ãƒ³ãƒã‚¬ãƒ¼ã‚’å½“ã¦ãŸå®Ÿç¸¾ã‚‚ã‚ã‚‹ğŸ”¥

æœ¬æ—¥CPIã¯ã»ã¼äºˆæƒ³é€šã‚Šã§VIXã¯ä½ä¸‹ã§åå¿œã—ãƒªã‚¹ã‚¯ã‚ªãƒ³ğŸ”¥",,https://twitter.com/StastaTast4141/status/1955258652996276641
"August 12, 2025 at 04:28PM",@iannuttall,"Holy shit, Sonnet 4 now has a 1M token context window! https://t.co/ylYUwUT84p",https://x.com/iannuttall/status/1955305281262395400/photo/1,https://twitter.com/iannuttall/status/1955305281262395400
"August 12, 2025 at 05:19AM",@excel_niisan,"GPT-5ã®ã‚¨ãƒ¼ã‚¸ã‚§ãƒ³ãƒˆãƒ¢ãƒ¼ãƒ‰ã§ä½œã‚‰ã›ãŸPowerPointã€ã‚„ã¯ã‚Šæ‚ªããªã„ãƒ‡ã‚¶ã‚¤ãƒ³ã€‚ã‚¢ã‚¤ã‚³ãƒ³ã‚‚æŒ¿å…¥ã—ã¦ãã‚Œã¦ã‚‹ã—ã€ç”»åƒç”Ÿæˆã—ã¦ãã‚Œã¦ã‚‹ã—ã€‚
ä½•ã‚ˆã‚Šã€PowerPointã§ã™ã¹ã¦ç·¨é›†å¯èƒ½ã€‚ãƒ¬ã‚¤ã‚¢ã‚¦ãƒˆå´©ã‚ŒãŒå…¨ããªã„ã¨ã„ã†ã®ãŒãƒã‚¤ãƒ³ãƒˆé«˜ã„ã€‚ https://t.co/N0GQEmLlG0",https://x.com/excel_niisan/status/1955137088019743088/video/1,https://twitter.com/excel_niisan/status/1955137088019743088
"August 12, 2025 at 06:23PM",@iannuttall,"Just noticed they added Opus Plan Mode to /model in Claude Code

This will use Opus 4.1 for planning and Sonnet 4 for implementation.

This is clever! https://t.co/qZfOaY2Rlk",https://x.com/iannuttall/status/1955334238011642263/photo/1,https://twitter.com/iannuttall/status/1955334238011642263
"August 12, 2025 at 01:38PM",@npaka123,Gemini CLIã¨Playwright MCPã§ãƒ“ã‚¸ãƒ¥ã‚¢ãƒ«ãƒãƒ™ãƒ«ã‚²ãƒ¼ãƒ ã‚’æˆ¦ç•¥çš„ã«ãƒ—ãƒ¬ã‚¤ã•ã›ãƒãƒƒãƒ”ãƒ¼ã‚¨ãƒ³ãƒ‰ã‚¯ãƒªã‚¢ã—ã¦ã‚‚ã‚‰ã†æ–¹æ³•ï½œç§‹è‘‰åŸITæˆ¦ç•¥ç ”ç©¶æ‰€ #AIã¨è‡ªç”±ç ”ç©¶ https://t.co/IqTbIpXBMl,https://note.com/akb428/n/n3d4ff81b21eb?sub_rt=share_sb,https://twitter.com/npaka123/status/1955262628781322342
"August 12, 2025 at 04:10PM",@MLBear2,"Claude Sonnet 4 ã®ã‚³ãƒ³ãƒ†ã‚­ã‚¹ãƒˆé•·ãŒ100ä¸‡ãƒˆãƒ¼ã‚¯ãƒ³ã¾ã§ä¼¸ã³ãŸã‚‰ã—ã„ã€‚
ã¦ã‹ã€ãƒ¢ãƒ‡ãƒ«ã®ãƒãƒ¼ã‚¸ãƒ§ãƒ³ç•ªå·ãã®ã¾ã¾ã§ã‚³ãƒ³ãƒ†ã‚­ã‚¹ãƒˆä¼¸ã°ã™å¤‰æ›´ã¨ã‹å…¥ã‚Œã¦ãã‚‹ã‚“ã§ã™ã­â€¦ï¼ https://t.co/laoxg0pEkj",https://x.com/MLBear2/status/1955300755587600839/photo/1,https://twitter.com/MLBear2/status/1955300755587600839
"August 12, 2025 at 05:55AM",@y_sugi_it,"Gemini CLIãŒCloud Shellï¼ˆGoogle Cloudã‚³ãƒ³ã‚½ãƒ¼ãƒ«ã§åˆ©ç”¨å¯èƒ½ãªä»®æƒ³Linuxã‚¿ãƒ¼ãƒŸãƒŠãƒ«ï¼‰ã§ãƒ‡ãƒ•ã‚©ãƒ«ãƒˆã§ä½¿ç”¨ã§ãã‚‹ã‚ˆã†ã«ãªã‚Šã¾ã—ãŸã€‚è¿½åŠ ã‚»ãƒƒãƒˆã‚¢ãƒƒãƒ—ã¯å¿…è¦ã‚ã‚Šã¾ã›ã‚“ #GoogleCloud #Gemini

https://t.co/8DeY3FGG6v

> The Gemini CLI is also available without additional setup in Cloud Shell. https://t.co/48PzYOdlPz",https://cloud.google.com/gemini/docs/codeassist/gemini-cli?hl=en,https://twitter.com/y_sugi_it/status/1955146005164470499
"August 12, 2025 at 06:28AM",@LucasChatGPT,GPT-5åŸ·ç­†ï¼šGPT-5ã®èƒ½åŠ›ã‚’æœ€å¤§é™å¼•ãå‡ºã™ãŸã‚ã®è³ªå•è¨­è¨ˆã‚¬ã‚¤ãƒ‰ï¼ˆä»˜éŒ²ï¼šGPT-5ã®èƒ½åŠ›ã‚’å¼•ãå‡ºã™ã€Œè‰¯ã„è³ªå•ã€ãƒ†ãƒ³ãƒ—ãƒ¬ãƒ¼ãƒˆé›† 50é¸ï¼‰ï½œLucas @LucasChatGPT #AIã¨ã‚„ã£ã¦ã¿ãŸ https://t.co/zFuhIslJah,https://note.com/lucas_san/n/nd737d439572d?sub_rt=share_pb,https://twitter.com/LucasChatGPT/status/1955154333659697334
"August 12, 2025 at 04:28PM",@ytiskw,ãŠã€çªå¦‚Claudeã®ã‚³ãƒ³ãƒ†ã‚­ã‚¹ãƒˆé•·ãŒ100ä¸‡ã¾ã§å¯¾å¿œã€Geminiä¸¦ã¿ã«ï¼ã„ã„ã­ã€‚ã“ã®æµã‚Œã§ãã‚ãã‚ChatGPTã‚‚é•·ãƒ­ãƒ³ã‚°ã‚³ãƒ³ãƒ†ã‚­ã‚¹ãƒˆã«å¯¾å¿œã—ã¦ã»ã—ã„ https://t.co/yIlaSncsDA,https://twitter.com/claudeai/status/1955299573620261343,https://twitter.com/ytiskw/status/1955305460187210124
"August 12, 2025 at 09:41PM",@Market_Letter_,ğŸ‡ºğŸ‡¸ãƒ™ãƒƒã‚»ãƒ³ãƒˆã€Œ9æœˆä¸€æ’ƒ50bpåˆ©ä¸‹ã’æ¤œè¨ã™ã¹ãã€ https://t.co/H307t8zbhm,https://twitter.com/reutersjapan/status/1955382404589203721,https://twitter.com/Market_Letter_/status/1955384045946409339
"August 12, 2025 at 03:40PM",@LearnWithBishal,"ğŸš¨ BREAKING: Google DeepMind just dropped Genie 3 and itâ€™s absolutely mind-melting ğŸ¤¯

This isnâ€™t just â€œtype text â†’ get an AI world.â€

It creates interactive 3D spaces, steers images & videos, and chains actions to crush insanely complex goals.

16 wild examples (wait till you https://t.co/ZW16NHWqxu",https://x.com/LearnWithBishal/status/1955293389039002052/photo/1,https://twitter.com/LearnWithBishal/status/1955293389039002052
"August 12, 2025 at 05:38PM",@SuguruKun_ai,"OpenAIå…¬å¼ãŒGPT-5ç‰¹åŒ–ã€Œãƒ—ãƒ­ãƒ³ãƒ—ãƒˆè‡ªå‹•ç”Ÿæˆæ©Ÿèƒ½ã€ã‚’å…¬é–‹
ã…¤
ã‚³ãƒ”ãƒšã ã‘ã§ã‚ˆã‚Šè‰¯ãèª¿æ•´ã—ã¦ãã‚Œã‚‹ã—ã€ABãƒ†ã‚¹ãƒˆã‚‚å¯èƒ½ï¼š
ã…¤
å®Ÿå‹™ã«ä½¿ãˆã‚‹æœ‰ç›Šãƒ—ãƒ­ãƒ³ãƒ—ãƒˆã‚’æ‰‹è»½ã«å¤§é‡ç”Ÿæˆã§ãã¾ã™ğŸ‘‡ğŸ§µ https://t.co/ecn0872bbG",https://x.com/SuguruKun_ai/status/1955323074569793922/video/1,https://twitter.com/SuguruKun_ai/status/1955323074569793922
"August 12, 2025 at 03:33PM",@matsuu,llama-cppã®æ–°ã—ã„ã‚ªãƒ—ã‚·ãƒ§ãƒ³--cpu-moeã‚’ä½¿ãˆã°ã€64GBã®ãƒ¡ã‚¤ãƒ³ãƒ¡ãƒ¢ãƒªãƒ¼ã¨GeForce  RTX3000ç´šã®GPUã§gpt-oss-120bãƒ¢ãƒ‡ãƒ«ãŒé«˜é€Ÿã«å‹•ä½œã™ã‚‹ã‚‰ã—ã„ã€‚ / â€œReddit - The heart of the internetâ€ https://t.co/PTXJdb1lL8,https://htn.to/Nfx9sTeyYd,https://twitter.com/matsuu/status/1955291683152859425
"August 12, 2025 at 05:17PM",@kregenrek,"I just released Browser Echo. 

Catch live browser errors. And fix them in Cursor or Claude Code.

- Vite, React, Vue, Tanstack, Nuxt, Next support
- Use in Cursor, Claude Code, Codex, Gemini CLI
- Open Source & Free to use

Quickstart video in the comments ğŸ‘‡ https://t.co/tR9CTs3tPs",https://x.com/kregenrek/status/1955317813519786451/photo/1,https://twitter.com/kregenrek/status/1955317813519786451
"August 12, 2025 at 11:34AM",@miyashin_prg,"ãƒãƒ¼ãƒãƒ¼ãƒ‰å¤§å­¦ãŒGitã®è¬›ç¾©ã‚’å…¬é–‹ğŸ¤—ã—ã‹ã‚‚æ—¥æœ¬èªå­—å¹•ã‚‚å¯¾å¿œğŸŒŸGitã¨ã¯ä½•ã‹ï¼Ÿã‹ã‚‰è§£èª¬ã—ã¦ãã‚Œã‚‹ã®ã§åˆå¿ƒè€…ã«ã‚‚å„ªã—ã„ğŸ¤—

ãƒ»Git
ãƒ»GitHub
ãƒ»repository
ãƒ»git clone
ãƒ»git add
ãƒ»git commit
ãƒ»git status
ãƒ»git pull
ãƒ»Merge Conflicts
ãƒ»git log
ãƒ»Branching
ãƒ»GitHub Pages

ãªã© https://t.co/gt3AkquH03",https://x.com/miyashin_prg/status/1955231453920506259/photo/1,https://twitter.com/miyashin_prg/status/1955231453920506259
"August 12, 2025 at 03:49AM",@yugen_matuni,"ã¨ã‚Šã‚ãˆãšè¨€ã„ãŸã„ã®ã¯ã€ãƒ¦ãƒ¼ã‚¹ã‚±ãƒ¼ã‚¹ã‚„ãã®äººã®ç’°å¢ƒæ¬¡ç¬¬ã§ã€Œä½¿ãˆã‚‹/ä½¿ãˆãªã„ã€ã£ã¦å…¨ç„¶å¤‰ã‚ã£ã¦ãã‚‹ã¨æ€ã†ã®ã§ã€ã„ã£ã±ã„ä½¿ã£ã¦ãã®æ™‚ã®æœ€æ„›ãƒ¢ãƒ‡ãƒ«ã‚’è¦‹ã¤ã‘ã¾ã—ã‚‡ã†ã£ã¦ã“ã¨ã ã‘ã§ã™ï¼

ã‚ãŸã—ã¯ã‚¿ã‚¹ã‚¯ã§æ‰‹ã®ã²ã‚‰ã‚°ãƒ«ã‚°ãƒ«ã®æµ®æ°—æ€§ãªã®ã§ã™ãã«æœ€æ„›ãƒ¢ãƒ‡ãƒ«å¤‰ã‚ã‚Šã¾ã™ãŒã€GPT5ã¯çµæ§‹æ„›ã—ã¦ã¾ã™ï¼ https://t.co/5s29Uprz0k",https://twitter.com/yugen_matuni/status/1955086795361685663,https://twitter.com/yugen_matuni/status/1955114381504811390
"August 12, 2025 at 07:26PM",@IntuitMachine,"Some new context-engineering jargon

CLEAR framework â€” a composition guide for writing prompts: be Concise, Logical, Explicit, Adaptive, and Reflective.

Graph-of-Thoughts (GoT) â€” organize thoughts as a graph (nodes = thoughts, edges = dependencies) to improve quality and cost. https://t.co/Wfc97cz9KP",https://x.com/IntuitMachine/status/1955350100495987183/photo/1,https://twitter.com/IntuitMachine/status/1955350100495987183
"August 12, 2025 at 03:30PM",@DeepLearningAI,"ğŸš¨ New course alert! Fast Prototyping of GenAI Apps with Streamlit, built in partnership with @Snowflake, is live.

Traditional, months-long planning cycles donâ€™t fit the software development landscape of today. New capabilities surface every week, and ideas lose momentum unless https://t.co/Xl8HQbn9ii",https://x.com/DeepLearningAI/status/1955290755095793977/video/1,https://twitter.com/DeepLearningAI/status/1955290755095793977
"August 12, 2025 at 12:22PM",@NoahEpstein_,"Claude just made every $10K n8n consultant obsolete.

I fed it 1,000 broken workflows from ""experts"" charging fortune 500 companies.

It fixed them all in 37 minutes.

Then showed me why they were garbage to begin with.

Here's what these ""automation experts"" don't want you to https://t.co/jCk8GhDNDD",https://x.com/NoahEpstein_/status/1955243479921201396/photo/1,https://twitter.com/NoahEpstein_/status/1955243479921201396
"August 12, 2025 at 04:16PM",@schroneko,"Claude Sonnet 4 ãŒæœ€å¤§ 100 ä¸‡ãƒˆãƒ¼ã‚¯ãƒ³ã®å…¥åŠ›ã«å¯¾å¿œ

å¤§è¦æ¨¡ãªã‚³ãƒ¼ãƒ‰ã‚„æ•°å¤šãã®ç ”ç©¶è«–æ–‡ã‚’ä¸€åº¦ã«å‡¦ç†ã§ãã‚‹ã‚ˆã†ã«ã€‚ãƒ‘ãƒ–ãƒªãƒƒã‚¯ãƒ™ãƒ¼ã‚¿ã¨ã—ã¦ Anthropic APIã€Amazon Bedrock ã«ã¦ä½¿ãˆã‚‹ã€‚Vertex AI ã§ã‚‚è¿‘ã„ã†ã¡ã«ã€‚200k ã‚’è¶…ãˆã‚‹ã¨å…¥åŠ›ã¯åŠé¡ã«ã€å‡ºåŠ›ã¯ 2/3 ã®ä¾¡æ ¼ã«ã€‚
https://t.co/V50iCOUUny",https://www.anthropic.com/news/1m-context,https://twitter.com/schroneko/status/1955302457074233594
"August 12, 2025 at 08:10PM",@kenn,"Cursoræ‹¡å¼µçµŒç”±ã§.envã®ç§˜å¯†éµã‚’ã¶ã£ã“æŠœã‹ã‚Œã¦æš—å·é€šè²¨ã‚’ç›—ã¾ã‚ŒãŸã¨ã€‚ã‚»ã‚­ãƒ¥ãƒªãƒ†ã‚£æ„è­˜ã®é«˜ã„Web3é–‹ç™ºè€…ã§ã‚‚ç„¦ã‚Šã¨ç–²ã‚Œã«ã‚ˆã‚‹ä¸€ç¬ã®éš™ã§èµ·ããŸäº‹ä»¶ã€‚

å¤‰ãªVS Code / Cursoræ‹¡å¼µã‚’å…¥ã‚Œã¦ä¿¡é ¼ã™ã‚‹è¨­å®šã‚’ã‚ªãƒ³ã«ã—ãŸã‚‰ã€ã‚‚ã†å³åº§ã«.envã‚„ãƒ­ãƒ¼ã‚«ãƒ«ã®ç§˜å¯†æƒ…å ±ã¯æŠœã‹ã‚Œã¦ã„ã‚‹ã€ãã‚‰ã„ã®è¦šæ‚ŸãŒå¿…è¦ã‹ã‚‚ã€‚ https://t.co/mQuhQMmiAh",https://twitter.com/0xzak/status/1955265807807545763,https://twitter.com/kenn/status/1955361368812687678
"August 12, 2025 at 09:51PM",@kosuke_agos,"AIã®é€²åŒ–ãŒç‹‚æ°—çš„ã™ãã‚‹ã€‚

ã“ã“æ•°æ—¥ã§Googleã€OpenAIã€Microsoftãªã©ã‹ã‚‰ã€æ¥­ç•Œã‚’æºã‚‹ãŒã™ã‚ˆã†ãªé©šç•°çš„ãªã‚¢ãƒƒãƒ—ãƒ‡ãƒ¼ãƒˆãŒé€£ç™ºã—ã¾ã—ãŸã€‚

ã‚‚ã¯ã‚„çŸ¥ã‚‰ãªã„ã§ã¯æ¸ˆã¾ã•ã‚Œãªã„ãƒ¬ãƒ™ãƒ«ã§ã™ã€‚

ç‰¹ã«æ³¨ç›®ã™ã¹ãé©šç•°çš„ãªã‚¢ãƒƒãƒ—ãƒ‡ãƒ¼ãƒˆ12é¸ã‚’ã¾ã¨ã‚ã¾ã—ãŸğŸ§µ",,https://twitter.com/kosuke_agos/status/1955386665956241690
"August 12, 2025 at 04:00PM",@akira_papa_IT,"Codex CLI vs Cursor CLI (ä¸¡æ–¹GPT-5)ã¯ã€
ç§ã®å€‹äººçš„ãªç‹¬æ–­ã¨åè¦‹ã§ã™ãŒã€ä½“æ„Ÿã¨ã—ã¦ã¯Cursor CLIã®æ–¹ãŒé–‹ç™ºåŠ›ã¯ä¸Šå›ã£ã¦ã„ã‚‹å°è±¡ã§ã™ã­ğŸ‘€
Codex CLIã‚‚ã‹ãªã‚Šè‰¯ã„ã‚“ã ã‘ã©è¡Œãè©°ã¾ã‚ŠãŒã¡ã€ã‚¨ãƒ©ãƒ¼ã®ã¾ã¾ã§å®Œäº†ã—ãŸã¨è¨€ã£ã¦çµ‚ã‚ã‚ŠãŒã¡ã€
Cursor https://t.co/bctxuMHXhM https://t.co/vytdT6fJmE",https://x.com/akira_papa_IT/status/1955298436422701068/video/1,https://twitter.com/akira_papa_IT/status/1955298436422701068
"August 12, 2025 at 01:31AM",@7_eito_7,å€‹äººé–‹ç™ºè€…å¿…èª­ã€‚Claude Codeã®æœ¬å½“ã«å½¹ç«‹ã¤è£æŠ€è¨­å®šãŒæµ·å¤–ã§è©±é¡Œã§ã™ã€‚ç¥ã‚·ãƒ§ãƒ¼ãƒˆã‚«ãƒƒãƒˆã€ä½œæ¥­åŠ¹ç‡ã‚’çˆ†ä¸Šã’ã™ã‚‹ãƒ«ãƒ¼ãƒ«ã‚„ã‚³ãƒãƒ³ãƒ‰ã¾ã§å…·ä½“çš„ã«ç´¹ä»‹ã€‚ã“ã‚Œã§ä½œæ¥­åŠ¹ç‡ã¯15å€ã€ã‚¨ãƒ©ãƒ¼ã‚‚æ¿€æ¸›ã€‚ä¿å­˜ã—ã¦è©¦ã—ã¦ãã ã•ã„ğŸ‘‡ https://t.co/RCnodUOoED,https://x.com/7_eito_7/status/1955079583025467603/photo/1,https://twitter.com/7_eito_7/status/1955079583025467603
"August 12, 2025 at 11:08PM",@AIMIRAI46487,"Qwen(ã‚¢ãƒªãƒãƒ)ã¯ã€ç„¡æ–™ã®AIãƒãƒ£ãƒƒãƒˆã€ŒQwen Chatã€ã«å®Ÿè£…ã—ã¦ã„ã‚‹ã€é«˜åº¦ãªæ¤œç´¢â†’ãƒ¬ãƒãƒ¼ãƒˆç”Ÿæˆæ©Ÿèƒ½ã€ŒDeep Researchã€ã‚’ã‚¢ãƒƒãƒ—ãƒ‡ãƒ¼ãƒˆã—ã¾ã—ãŸã€‚

ãƒ¬ãƒãƒ¼ãƒˆã®è³ªãŒä¸ŠãŒã‚Šã€ãƒãƒ«ã‚·ãƒãƒ¼ã‚·ãƒ§ãƒ³(AIã«ã‚ˆã‚‹æƒ…å ±ã®æé€ )ã‚’æŠ‘ãˆã‚‹ã“ã¨ã«æˆåŠŸã—ã€ç”»åƒã‚„PDFãƒ•ã‚¡ã‚¤ãƒ«ã‚’å‚è€ƒè³‡æ–™ã¨ã—ã¦æ·»ä»˜ã§ãã‚‹ã‚ˆã†ã«ãªã‚Šã¾ã—ãŸã€‚ https://t.co/QNo1Vp2zHx",https://x.com/AIMIRAI46487/status/1955406071507587280/photo/1,https://twitter.com/AIMIRAI46487/status/1955406071507587280